No,区分,種別,タイトル案1,タイトル案2,タイトル案3,サムネ悩み,サムネタイトル,サムネ訴求,構成案,本文,要確認
7,医療福祉,実例,【転職体験記No.7】准看護師（ブランク8年）→特養派遣 ＜「今さら現場に戻れると思いますか？」43歳ママの第一声＞,"ブランク8年の准看護師が、土日祝休み・時給2,200円で復職できた理由【転職体験記No.7】",「准看だから」「ブランクがあるから」で止まっていた43歳が、条件を伝えただけで見つけた働き方,ブランク8年・准看護師・子育て中…,"ブランク8年の准看ママが
土日祝休み×時給2,200円で復職",条件を先に決めると、求人は意外とある,0. PR表記／個人特定の配慮 / 1. 冒頭フック（面談での一言） / 2. こんな悩み、ありませんか？（共感） / 3. 43歳・准看護師。相談に来たときの状況 / 4. 選んだのは「特養の派遣」。転職活動のリアル / ★中間CTA（4と5の間） / 5. 結果：収入0円から、月給37万円へ / 6. 1年後のリアル（一般論） / 7. エージェントの一言：ブランクは、条件で乗り越えられる / 8. 〆（共感→↓） / 9. CTA（メイン＋サブ＋LINE診断）,"※本記事にはアフィリエイト広告（PR）を含みます。

「ブランク8年の准看護師が、今さら現場に戻れると思いますか？」――面談の第一声がこれでした。43歳、子育てがひと段落したママさんです。

■ こんな悩み、ありませんか？
✔ブランクが長くて、手技を忘れている気がする
✔准看護師だから、求人が少ないと思い込んでいる
✔お迎えや習い事があって、フルタイムは無理

■ 43歳・准看護師。相談に来たときの状況
43歳の准看護師さん。子育てがひと段落したので、収入を増やしたいと相談に来られました。ただ、ブランクは8年。「手技を忘れているかもしれない」という不安に加えて、お迎えや習い事もあり、フルタイムは難しい状況でした。希望は「時短で、土日祝休み」です。

■ 選んだのは「特養の派遣」。転職活動のリアル
ブランクがある上に准看護師ということで、ご本人は「求人なんてほとんどない」と思い込んでいました。そこでまず、できること・できないことと、譲れない条件を一緒に整理しました。結果として選んだのは、特別養護老人ホームの派遣です。決め手は「土日祝休み」「時給2,200円」「医療行為なし」の3つ。手技に不安があっても、無理なく復帰できる条件でした。

▼ ここまで読んで気になった方は、先にチェックしてみてください
▶ 看護師派遣（ブランク・准看OK求人）（MC－ナースネット）
https://px.a8.net/svt/ejp?a8mat=4BC9FE+BET46Q+28MI+5ZEMP&a8sns=note
▶ 看護師の転職サイト（ナースJJ）
https://px.a8.net/svt/ejp?a8mat=4BC9F9+6J6A9U+2YJA+BX3J6&a8sns=note
▶ 自分に合う転職サービスを30秒で診断（LINE・無料）
https://career-line-bot.career-line-bot.workers.dev/l/note-m7?job=nurse

■ 結果：収入0円から、月給37万円へ
・働き方：特養（派遣）
・時給：2,200円
・月の労働時間：168時間（目安）
・月給：369,600円（賞与なし）
・年収：約443万円（369,600円×12）
・ブランク中の収入：0円
ブランク中は収入がなかったため、世帯でみると年収が約443万円増えた計算です（前提：ブランク中は収入なし）。時給制のため、手当の内訳はありません。

■ 1年後のリアル（一般論）
【要実例確認】派遣は契約期間が決まっており、賞与や退職金は基本的にありません。その分、時給が高く働く日時を選びやすいのが利点です。手技に慣れてきたら、クリニックや病院の非常勤へ移る道もあります。実際の1年後の様子は、担当例メモに記入して差し替えてください。

■ エージェントの一言：ブランクは、条件で乗り越えられる
ブランクがある方の多くが「自分にできる仕事はない」と考えて、応募すらしません。でも実際は、条件を整理して伝えるだけで、出てくる求人がまったく変わります。特に、准看護師×ブランクの方は、医療行為が少ない施設や、時間の融通がきく派遣に、選択肢が広がります。

「ブランクがあるから」「准看だから」で止まっている方、本当に多いです。でも条件を伝えるだけで出てくる求人は意外とあります。まずは“自分の条件で働ける場所があるか”だけ、確かめてみてください↓

↓
▶ 看護師派遣（ブランク・准看OK求人）（MC－ナースネット）
https://px.a8.net/svt/ejp?a8mat=4BC9FE+BET46Q+28MI+5ZEMP&a8sns=note
▶ 看護師の転職サイト（ナースJJ）
https://px.a8.net/svt/ejp?a8mat=4BC9F9+6J6A9U+2YJA+BX3J6&a8sns=note
▶ 自分に合う転職サービスを30秒で診断（LINE・無料）
https://career-line-bot.career-line-bot.workers.dev/l/note-m7?job=nurse","・実例：面談記録ベース。年齢は「40代前半」にぼかす／施設名・地域は出さない
・時給×168時間は目安。実際の勤務時間で差し替え
・看護師全体の平均年収524.7万円（厚労省 令和7年賃金構造基本統計調査）と比べる場合は、准看・時短・派遣の条件差を明記"
8,医療福祉,実例,【転職体験記No.8】介護士（正社員）→有料老人ホーム派遣（日勤のみ） ＜「母の介護があるので、辞めるしかないですよね…」53歳＞,親の介護と両立するために、介護士が正社員を辞めて「日勤派遣」を選んだ話【転職体験記No.8】,夜勤月5回→0回。賞与はなくなったのに、月給は増えた53歳介護士の選択,親の介護と仕事、両立できない…,"介護士が正社員を辞めて
「日勤だけの派遣」を選んだ理由","夜勤0回・時給1,650円・月給は増えた","0. PR表記／個人特定の配慮 / 1. 冒頭フック（面談での一言） / 2. こんな悩み、ありませんか？（共感） / 3. 53歳・介護士。相談に来たときの状況 / 4. 特養から有料老人ホームへ。転職活動のリアル / ★中間CTA（4と5の間） / 5. 結果：時給1,650円、月給27.7万円 / 6. 1年後のリアル（一般論） / 7. エージェントの一言：親の介護と仕事の両立は、増えています / 8. 〆（共感→↓） / 9. CTA（メイン＋サブ＋LINE診断）","※本記事にはアフィリエイト広告（PR）を含みます。

「母の介護があるので、夜勤ができなくなりました。正社員、辞めるしかないですよね…」。53歳の介護士さんは、申し訳なさそうにそう切り出しました。

■ こんな悩み、ありませんか？
✔仕事でも家でも介護をしていて、休まる時間がない
✔夜勤ができない＝正社員は無理だと思っている
✔派遣は不安定で給料が下がるイメージがある

■ 53歳・介護士。相談に来たときの状況
53歳の介護士さん（実務者研修修了）。お母さまの介護が始まり、夜勤と遅出ができなくなりました。「正社員のままだと、もう無理です。辞めるしかないですよね…」と、申し訳なさそうに話してくれました。

■ 特養から有料老人ホームへ。転職活動のリアル
選んだのは、日勤のみ（8:30〜17:30）の有料老人ホームの派遣です。特別養護老人ホームから移ったことで、要介護度の平均が4.3から2.5に下がり、体の負担は軽くなりました。一方で、接遇が求められるようになり、いまは勉強中とのことです。給与への不安が最も大きかったのですが、時給1,650円と聞いて安心されました。

▼ ここまで読んで気になった方は、先にチェックしてみてください
▶ 介護派遣（日勤のみ求人）（かいご畑）
https://px.a8.net/svt/ejp?a8mat=4BC9FE+BLCVUA+1W34+BWVTD&a8sns=note
▶ 介護の求人（正社員〜単発まで）（MC－介護のお仕事）
https://px.a8.net/svt/ejp?a8mat=4BC9FE+BMJR1U+28MI+NUMHT&a8sns=note
▶ 自分に合う転職サービスを30秒で診断（LINE・無料）
https://career-line-bot.career-line-bot.workers.dev/l/note-m8?job=care

■ 結果：時給1,650円、月給27.7万円
・働き方：有料老人ホーム（派遣・日勤のみ）
・時給：1,650円
・月給：277,200円（1,650円×168時間）
・賞与：なし
・夜勤：月5回 → 0回
・入居者の要介護度（目安）：4.3 → 2.5
賞与はなくなりましたが、月給は上がったケースです（正社員時代の具体的な金額は、実例メモに記入してください）。

■ 1年後のリアル（一般論）
【要実例確認】派遣は賞与・退職金がなく、契約更新のたびに条件を確認する必要があります。家族の介護状況が変われば、日勤の正社員や、パートへ切り替える選択肢もあります。実際の1年後の様子は、担当例メモを反映してください。

■ エージェントの一言：親の介護と仕事の両立は、増えています
正社員で働いている介護士さんが、家庭の事情で派遣に切り替えるケースは、年々増えています。介護サービスの料金が上がり、特養に空きがなくて自宅介護を選ぶ家庭も多いからです。現役の介護士さんが、自分の親を家で介護しながら、時短や日勤のみで働き方を調整する流れです。賞与がなくなる分、月給が上がるケースも珍しくありません。

親の介護と仕事の両立で悩む介護士さん、年々増えています。「日勤だけ」「時短」でも、条件次第で月給はむしろ上がることも。まずは今の条件で探せる求人を見てみてください↓

↓
▶ 介護派遣（日勤のみ求人）（かいご畑）
https://px.a8.net/svt/ejp?a8mat=4BC9FE+BLCVUA+1W34+BWVTD&a8sns=note
▶ 介護の求人（正社員〜単発まで）（MC－介護のお仕事）
https://px.a8.net/svt/ejp?a8mat=4BC9FE+BMJR1U+28MI+NUMHT&a8sns=note
▶ 自分に合う転職サービスを30秒で診断（LINE・無料）
https://career-line-bot.career-line-bot.workers.dev/l/note-m8?job=care","・実例：面談記録ベース。年齢は「50代前半」にぼかす
・正社員時代の年収（前職）が未記入。実例メモで補ってから比較を書く
・介護福祉士の平均月給35万50円（厚労省 令和6年度介護従事者処遇状況等調査）は、実務者研修修了の本人には当てはめない"
9,医療福祉,実例,【転職体験記No.9】介護福祉士（特養）→ナーシングホスピス ＜「介護福祉士を取って10年、年収420万から上がらない気がして」42歳＞,特養→ナーシングホスピスで年収420万→542万。介護福祉士が知らない『医療対応型』という選択肢【転職体験記No.9】,「介護は給料が上がらない」は半分だけ正解。年収を100万円変えた、施設の選び方,夜勤5回でも年収420万のまま…,"特養→ナーシングホスピスで
年収420万→542万",上がりやすい施設の種類、知っていますか？,0. PR表記／個人特定の配慮 / 1. 冒頭フック（面談での一言） / 2. こんな悩み、ありませんか？（共感） / 3. 42歳・介護福祉士。相談に来たときの状況 / 4. 医療対応型ホスピスへ。転職活動のリアル / ★中間CTA（4と5の間） / 5. 結果：年収420万円 → 542万円 / 6. 1年後のリアル（一般論） / 7. エージェントの一言：年収が上がりやすい施設には、理由がある / 8. 〆（共感→↓） / 9. CTA（メイン＋サブ＋LINE診断）,"※本記事にはアフィリエイト広告（PR）を含みます。

「介護福祉士を取って10年。年収420万から、もう上がらない気がするんです」。42歳の彼女がそう話したとき、私はある求人を思い浮かべていました。

■ こんな悩み、ありませんか？
✔夜勤を月5回こなしても、年収が400万前半で止まっている
✔医療的ケアの経験がなくて、次のステップに踏み出せない
✔介護の仕事は好き。でも将来の給料が不安

■ 42歳・介護福祉士。相談に来たときの状況
42歳の介護福祉士さん。特養で夜勤を月5回こなしていましたが、年収は420万円のまま。「介護福祉士を取って10年。もう上がらない気がするんです」と話されました。介護の仕事自体は好きなのに、将来の給料が不安という状況でした。

■ 医療対応型ホスピスへ。転職活動のリアル
選んだのは、医療対応型のナーシングホスピス。特養しか経験がなく、医療的ケアが初めてだったため、最初は心配されていました。ところが、選考で重視されたのは手技のスキルよりも、想いやキャリア志向でした。経験3年以上の介護士を受け入れる施設が多く、誰でもチャレンジしやすい分野です。

▼ ここまで読んで気になった方は、先にチェックしてみてください
▶ 介護特化（非公開求人）（MC－介護のお仕事）
https://px.a8.net/svt/ejp?a8mat=4BC9FE+BMJR1U+28MI+NUMHT&a8sns=note
▶ 介護派遣・資格取得支援（かいご畑）
https://px.a8.net/svt/ejp?a8mat=4BC9FE+BLCVUA+1W34+BWVTD&a8sns=note
▶ 自分に合う転職サービスを30秒で診断（LINE・無料）
https://career-line-bot.career-line-bot.workers.dev/l/note-m9?job=care

■ 結果：年収420万円 → 542万円
・基本給：250,000円
・資格手当：15,000円
・処遇改善・職務手当：65,000円
・夜勤・時間外手当：40,000円
・住宅・扶養手当：15,000円
・月給：385,000円
・賞与：年800,000円
・年収：5,420,000円（前職：4,200,000円 → +1,220,000円）
※内訳は、年収から逆算した目安です（相場は厚労省の処遇状況調査などを参考）。実例の給与明細で差し替えてください。

■ 1年後のリアル（一般論）
【要実例確認】医療対応型は、看取りや医療的ケアが増える分、精神的な負担が変わります。給与が上がる代わりに、夜勤の回数やオンコール体制が変わる場合もあります。1年後の実際の変化は、担当例メモを反映してください。

■ エージェントの一言：年収が上がりやすい施設には、理由がある
ナーシングホスピスのような医療対応型の施設は、まだ市場に出回る求人が少なく、エージェント経由で紹介されることが多い分野です。採用にかなりお金をかけている事業者が多く、その分、給与水準が上がりやすい傾向があります。「介護は給料が上がらない」と諦める前に、施設の種類による違いを知ってほしいです。

「介護は給料が上がらない」は、半分正解で半分まちがいです。上がりやすい施設の種類を知っているかどうかで、年収は100万単位で変わります。非公開の求人も多いので、プロに一度聞いてみてください↓

↓
▶ 介護特化（非公開求人）（MC－介護のお仕事）
https://px.a8.net/svt/ejp?a8mat=4BC9FE+BMJR1U+28MI+NUMHT&a8sns=note
▶ 介護派遣・資格取得支援（かいご畑）
https://px.a8.net/svt/ejp?a8mat=4BC9FE+BLCVUA+1W34+BWVTD&a8sns=note
▶ 自分に合う転職サービスを30秒で診断（LINE・無料）
https://career-line-bot.career-line-bot.workers.dev/l/note-m9?job=care","・実例：面談記録ベース。年齢は「40代前半」にぼかす
・給与内訳は年収から逆算した目安。実例の給与明細に差し替え
・介護（施設別）の相場は指示書メモの出典（厚労省 令和6年度介護従事者処遇状況等調査）を参照。月給と賞与に分けて解説"
10,医療福祉,実例,【転職体験記No.10】理学療法士（訪問リハ）→回復期病院 ＜「インセンティブのために1日7件回るのに疲れました」48歳＞,訪問リハ→回復期病院へ。年収50万下がっても、PTが『戻ってよかった』と言う理由【転職体験記No.10】,訪問リハは自由だけど、キャリアと帰属意識は？ 48歳の理学療法士が選んだ「固定給×チーム」,1日7件回る生活に疲れた…,"訪問リハ→回復期病院へ
年収50万下がっても後悔しなかった",インセンティブより、安心して働ける固定給,0. PR表記／個人特定の配慮 / 1. 冒頭フック（面談での一言） / 2. こんな悩み、ありませんか？（共感） / 3. 48歳・理学療法士。相談に来たときの状況 / 4. 居宅訪問から病院へ戻る。転職活動のリアル / ★中間CTA（4と5の間） / 5. 結果：年収580万円 → 530万円 / 6. 1年後のリアル（一般論） / 7. エージェントの一言：訪問リハで悩む人は、意外と多い / 8. 〆（共感→↓） / 9. CTA（メイン＋サブ＋LINE診断）,"※本記事にはアフィリエイト広告（PR）を含みます。

「インセンティブのために、1日7件回るのに疲れました」。訪問リハで長く働いてきた、48歳の理学療法士さんの言葉です。

■ こんな悩み、ありませんか？
✔訪問件数に追われて、利用者さんとゆっくり向き合えない
✔事業所が閉鎖・縮小しないか、ずっと不安
✔病院のチーム医療に、今さら戻れるのか自信がない

■ 48歳・理学療法士。相談に来たときの状況
48歳の理学療法士さん。居宅訪問のリハで長く働いてきましたが、毎日6〜7件を回る日々。「インセンティブのために、1日7件回るのに疲れました」と話されました。しかも、勤めている事業所が閉鎖される予定があり、給与を上げたい気持ちと、安心して働きたい気持ちの両方がありました。

■ 居宅訪問から病院へ戻る。転職活動のリアル
いちばんの不安は、個人プレーが中心だった訪問リハから、病院のチームプレーに戻れるかどうかでした。訪問の事業所は閉業することも多く、これからは安心して働ける環境を選びたい。インセンティブに縛られず、固定給でしっかり稼ぎたい。その3点を軸に、回復期病院を選びました。

▼ ここまで読んで気になった方は、先にチェックしてみてください
▶ 自分に合う転職サービスを30秒で診断（LINE・無料）
https://career-line-bot.career-line-bot.workers.dev/l/note-m10

■ 結果：年収580万円 → 530万円
・前職：正社員（居宅訪問）年収 580万円
・転職後：正社員（回復期病院）年収 530万円
・月給：355,000円
・賞与：年1,050,000円
・年収差：-490,000円（約50万円のダウン）
・勤務時間：8:30〜17:15。残業は基本なし
年収は約50万円下がりましたが、定時で帰れて、残業がほぼない働き方に変わりました。回復期ならではの関わり方の変化にも、いま慣れている最中とのことです。

■ 1年後のリアル（一般論）
【要実例確認】給与は下がっても固定給で安定し、毎日の移動と件数のプレッシャーから解放されたのが大きな変化です。一方で、訪問時代の自由度は減ります。実際の1年後の満足度は、担当例メモに記入してください。

■ エージェントの一言：訪問リハで悩む人は、意外と多い
理学療法士の平均年収は約443.6万円です（令和7年調査。OTは374万円、STは432.5万円）。訪問リハは、自由でインセンティブも魅力ですが、キャリアや帰属意識に悩む方が本当に多いです。実は、病院に戻る方も少なくありません。「稼げるか」だけでなく「安心して長く働けるか」の視点でも、選んでほしいと思います。

訪問リハから病院に戻る方、実はかなり多いです。年収より「安心して長く働けること」を優先するのも立派な選択。今の自分に合う働き方を、一度整理してみませんか↓

↓
▶ 自分に合う転職サービスを30秒で診断（LINE・無料）
https://career-line-bot.career-line-bot.workers.dev/l/note-m10","・実例：面談記録ベース。年齢は「40代後半」にぼかす
・PT/OT/ST特化の提携先がリンク一覧にありません。LINE診断の職種「リハビリ職」ルート（POSIWILL等）に誘導するか、提携先を追加して差し替え
・PT平均443.6万円（令和7年調査）は指示書メモの数字。出典の正式名称を確認"
11,医療福祉,モデルケース,【転職体験記No.11】看護師（急性期病棟・夜勤月8回）→訪問看護 ＜「夜勤明けに、信号待ちで寝落ちしかけたんです」32歳＞,夜勤月8回の病棟ナースが訪問看護へ。夜勤ゼロでも年収が下がらなかった仕組み【転職体験記No.11】,「一人で判断するのが怖い」を、同行訪問1か月で越えた32歳。夜勤なしで年収526万円,夜勤明けの信号待ちで寝落ちしかけた…,"夜勤月8回の病棟ナースが
訪問看護へ、年収は下がらなかった",夜勤ゼロ・土日休みで年収526万円,0. PR表記／モデルケース注記 / 1. 冒頭フック（面談での一言） / 2. こんな悩み、ありませんか？（共感） / 3. 32歳・急性期病棟の看護師。相談に来たときの状況 / 4. 訪問看護へ。「一人が怖い」への答え / ★中間CTA（4と5の間） / 5. 結果：年収540万円 → 526万円 / 6. 1年後のリアル（一般論） / 7. エージェントの一言：夜勤をやめても、年収は維持できる / 8. 〆（共感→↓） / 9. CTA（メイン＋サブ＋LINE診断）,"※本記事にはアフィリエイト広告（PR）を含みます。
※この記事は、複数の相談事例をもとにした想定ケース（モデルケース）です。実在の特定の方の話ではありません。

「夜勤明けに、信号待ちで寝落ちしかけたんです」。32歳の看護師さんが面談で話してくれた、転職を決めたきっかけです。

■ こんな悩み、ありませんか？
✔夜勤続きで、生理不順や不眠が続いている
✔夜勤をやめたら、給料が下がって生活できないと思っている
✔訪問看護に興味はあるけど、一人で判断するのが怖い

■ 32歳・急性期病棟の看護師。相談に来たときの状況
32歳の看護師さん。急性期病棟で7年、夜勤は月8回。体調を崩して、生理不順や不眠に悩まされていました。「このまま40代を迎えるのが怖くなった」と話されました。

■ 訪問看護へ。「一人が怖い」への答え
訪問看護に興味はあっても、「一人で判断するのが怖い」という迷いがありました。そこで、同行訪問を1か月受けられること、オンコールが月4回までの事業所であることを条件に選びました。病棟経験7年の看護師は、訪問看護の現場でどこも歓迎されやすい傾向があります。

▼ ここまで読んで気になった方は、先にチェックしてみてください
▶ 看護師専門の転職サイト（訪問看護求人）（ナースJJ）
https://px.a8.net/svt/ejp?a8mat=4BC9F9+6J6A9U+2YJA+BX3J6&a8sns=note
▶ 看護師派遣・常勤の求人（MC－ナースネット）
https://px.a8.net/svt/ejp?a8mat=4BC9FE+BET46Q+28MI+5ZEMP&a8sns=note
▶ 自分に合う転職サービスを30秒で診断（LINE・無料）
https://career-line-bot.career-line-bot.workers.dev/l/note-m11?job=nurse

■ 結果：年収540万円 → 526万円
・基本給：285,000円
・訪問・職務手当：40,000円
・オンコール手当：25,000円
・住宅・扶養手当など：30,000円
・月給：380,000円
・賞与：年700,000円
・年収：5,260,000円（前職：5,400,000円 → -140,000円）
※内訳は年収から逆算した目安です（訪問看護の平均年収494.8万円：厚労省 令和7年賃金構造基本統計調査／job-medley集計）。夜勤手当がなくなる分、基本給・職務手当で補うイメージです。

■ 1年後のリアル（一般論）
【要実例確認】夜勤がなくなって睡眠が整い、体調は安定する一方で、オンコールの呼び出しがある月は精神的な緊張が続きます。同行訪問の期間や、オンコールの頻度は事業所ごとに大きく違います。実際の1年後は、担当例メモを反映してください。

■ エージェントの一言：夜勤をやめても、年収は維持できる
看護師の全体平均は約524.7万円、病院は554.6万円、訪問看護は494.8万円です。夜勤をやめると年収が大きく下がる、と思われがちですが、条件次第で、ほぼ横ばいで維持できます。訪問看護は求人が増えている分野で、病棟経験者はどこでも歓迎されます。

「夜勤をやめる＝年収ダウン」とは限りません。オンコールの回数や同行研修の有無など、事業所ごとの差を知るだけで選択肢は広がります。まずは夜勤なしの求人がどれくらいあるか見てみてください↓

↓
▶ 看護師専門の転職サイト（訪問看護求人）（ナースJJ）
https://px.a8.net/svt/ejp?a8mat=4BC9F9+6J6A9U+2YJA+BX3J6&a8sns=note
▶ 看護師派遣・常勤の求人（MC－ナースネット）
https://px.a8.net/svt/ejp?a8mat=4BC9FE+BET46Q+28MI+5ZEMP&a8sns=note
▶ 自分に合う転職サービスを30秒で診断（LINE・無料）
https://career-line-bot.career-line-bot.workers.dev/l/note-m11?job=nurse","・補充ネタ（モデルケース）。実際の担当例に差し替えるまで、記事内で「よくある相談をもとにしたモデルケース」と明記
・給与内訳は目安。実例に差し替え時は数字を修正
・看護師の平均年収は指示書メモ（厚労省 令和7年賃金構造基本統計調査／job-medley集計）"
12,医療福祉,モデルケース,【転職体験記No.12】看護師（大学病院・外科）→美容クリニック ＜「毎朝、病院に向かう電車で胃が痛くなるんです」28歳＞,大学病院3年目で美容クリニックへ。月給+10万より大きかった『朝、胃が痛くない』という変化【転職体験記No.12】,美容ナースのリアル：ノルマ・カウンセリング・向いてる人、向いてない人,毎朝、出勤前に胃が痛い…,"大学病院3年目が美容クリニックへ
月給+10万より大きかった変化",残業ほぼなし・夜勤なし、でもノルマの確認は必須,0. PR表記／モデルケース注記 / 1. 冒頭フック（面談での一言） / 2. こんな悩み、ありませんか？（共感） / 3. 28歳・大学病院の看護師。相談に来たときの状況 / 4. 未経験で美容クリニックへ。転職活動のリアル / ★中間CTA（4と5の間） / 5. 結果：年収470万円 → 534万円 / 6. 1年後のリアル（一般論） / 7. エージェントの一言：美容は、ノルマの有無の見極めがすべて / 8. 〆（共感→↓） / 9. CTA（メイン＋サブ＋LINE診断）,"※本記事にはアフィリエイト広告（PR）を含みます。
※この記事は、複数の相談事例をもとにした想定ケース（モデルケース）です。実在の特定の方の話ではありません。

「毎朝、病院に向かう電車で胃が痛くなるんです」。大学病院3年目、28歳の看護師さんでした。

■ こんな悩み、ありませんか？
✔残業とインシデントの不安で、毎日心がすり減っている
✔美容クリニックに興味はあるけど、ノルマが怖い
✔看護師を辞めたいのか、今の職場を辞めたいのか分からない

■ 28歳・大学病院の看護師。相談に来たときの状況
28歳、大学病院の外科病棟で3年目の看護師さん。「人の役に立ちたくて看護師になったのに、残業とインシデントの恐怖で、毎朝、胃が痛い」と話されました。

■ 未経験で美容クリニックへ。転職活動のリアル
美容クリニックは未経験。面接で評価されたのは、患者さんに向き合う接遇と、採血・点滴の経験でした。病棟経験が2〜3年あれば、未経験でも転職しやすい分野です。ただし、インセンティブ（ノルマ）の有無はクリニックによって大きく違うため、事前の確認が欠かせません。

▼ ここまで読んで気になった方は、先にチェックしてみてください
▶ 看護師専門の転職サイト（ナースJJ）
https://px.a8.net/svt/ejp?a8mat=4BC9F9+6J6A9U+2YJA+BX3J6&a8sns=note
▶ 看護師の求人（常勤〜派遣）（MC－ナースネット）
https://px.a8.net/svt/ejp?a8mat=4BC9FE+BET46Q+28MI+5ZEMP&a8sns=note
▶ 自分に合う転職サービスを30秒で診断（LINE・無料）
https://career-line-bot.career-line-bot.workers.dev/l/note-m12?job=nurse

■ 結果：年収470万円 → 534万円
・月給（インセンティブ込み）：420,000円
・賞与：年300,000円
・年収：5,340,000円（前職：4,700,000円 → +640,000円）
・残業：ほぼなし
・夜勤：なし
※月給にはインセンティブを含みます。毎月変動する部分がある点に注意してください。

■ 1年後のリアル（一般論）
【要実例確認】残業と夜勤がなくなり、体調面は大きく改善する一方で、インセンティブがあるクリニックでは、数字を意識する日々が始まります。カウンセリングの比重が高く、向き不向きがはっきり分かれます。実際の1年後は、担当例メモを反映してください。

■ エージェントの一言：美容は、ノルマの有無の見極めがすべて
美容看護師は人気ですが、病棟とはまったく別の仕事です。年収の高さだけで選ぶと、ノルマや自費診療の勧誘にストレスを感じる方もいます。入職前に、インセンティブの有無・カウンセリングの割合・離職率を、エージェントに必ず確認してもらってください。

美容クリニックは、ノルマやカウンセリングの有無が院によって全然違います。求人票だけでは見えない部分こそ、専門のサイトで確認するのがおすすめです↓

↓
▶ 看護師専門の転職サイト（ナースJJ）
https://px.a8.net/svt/ejp?a8mat=4BC9F9+6J6A9U+2YJA+BX3J6&a8sns=note
▶ 看護師の求人（常勤〜派遣）（MC－ナースネット）
https://px.a8.net/svt/ejp?a8mat=4BC9FE+BET46Q+28MI+5ZEMP&a8sns=note
▶ 自分に合う転職サービスを30秒で診断（LINE・無料）
https://career-line-bot.career-line-bot.workers.dev/l/note-m12?job=nurse","・補充ネタ（モデルケース）。記事内でモデルケースと明記
・美容看護師特化の提携先がリンク一覧にありません。看護師専門のナースJJで代替（要確認）
・インセンティブの金額・条件は事業所差が大きいので、一般論として書く"
13,医療福祉,モデルケース,【転職体験記No.13】看護師（療養病棟）→健診センター派遣 ＜「子どもの受験の年だけ、定時で帰れる働き方がしたい」45歳＞,子どもの受験期だけ『健診派遣』へ。採血スキルだけで定時退勤できた看護師の話【転職体験記No.13】,9時〜16時・土日休み。採血できる看護師が狙える、期間限定の働き方,受験の年だけ、定時で帰りたい…,"受験期だけ『健診派遣』へ
採血スキルで定時退勤","時給2,000円・土日休み・繁忙期だけでもOK",0. PR表記／モデルケース注記 / 1. 冒頭フック（面談での一言） / 2. こんな悩み、ありませんか？（共感） / 3. 45歳・療養病棟の看護師。相談に来たときの状況 / 4. 健診センター派遣へ。転職活動のリアル / ★中間CTA（4と5の間） / 5. 結果：年収480万円 → 403万円（期間限定） / 6. 1年後のリアル（一般論） / 7. エージェントの一言：家庭優先の時期は、働き方を変えていい / 8. 〆（共感→↓） / 9. CTA（メイン＋サブ＋LINE診断）,"※本記事にはアフィリエイト広告（PR）を含みます。
※この記事は、複数の相談事例をもとにした想定ケース（モデルケース）です。実在の特定の方の話ではありません。

「子どもの受験の年だけでいいから、定時で帰れる働き方がしたい」。45歳の看護師さんの相談は、とても具体的でした。

■ こんな悩み、ありませんか？
✔家庭の大事な時期なのに、夜勤や残業で余裕がない
✔正社員を手放すのが不安
✔採血くらいしか自信のあるスキルがない

■ 45歳・療養病棟の看護師。相談に来たときの状況
45歳、療養病棟で働く看護師さん。「子どもの受験の年だけでいいから、夜勤や残業がなく、決まった時間に帰れる働き方がしたい」と、とても具体的な相談でした。

■ 健診センター派遣へ。転職活動のリアル
採血のスキルがあれば、健診の現場は即戦力になります。繁忙期（春〜秋）だけの期間限定派遣からスタートして、家庭の状況に合わせて調整する道を選びました。

▼ ここまで読んで気になった方は、先にチェックしてみてください
▶ 看護師派遣（健診・単発）（MC－ナースネット）
https://px.a8.net/svt/ejp?a8mat=4BC9FE+BET46Q+28MI+5ZEMP&a8sns=note
▶ 看護師専門の転職サイト（ナースJJ）
https://px.a8.net/svt/ejp?a8mat=4BC9F9+6J6A9U+2YJA+BX3J6&a8sns=note
▶ 自分に合う転職サービスを30秒で診断（LINE・無料）
https://career-line-bot.career-line-bot.workers.dev/l/note-m13?job=nurse

■ 結果：年収480万円 → 403万円（期間限定）
・時給：2,000円
・勤務時間：9時〜16時台・定時17時（目安）
・月給（目安）：336,000円（2,000円×168時間）
・年収（目安）：約403万円（前職：480万円 → 約-77万円）
※期間限定のため、年収は下がります。「今の一年」を優先した選択です。

■ 1年後のリアル（一般論）
【要実例確認】家庭優先の時期を乗り切ったあとは、元の病棟やクリニックの常勤に戻る選択肢もあります。派遣の間は賞与がなく、繁忙期以外は働ける日が少なくなる場合があります。実際の1年後は、担当例メモを反映してください。

■ エージェントの一言：家庭優先の時期は、働き方を変えていい
健診派遣は「採血できる看護師」が常に求められる分野です。9時〜16時・土日休みの求人が多く、家庭優先の時期にぴったりです。子どもの受験や介護など、期間を区切って働き方を変えるのは、決して後退ではありません。

「期間限定で働き方を変える」のも立派なキャリアの選び方です。採血ができれば、健診派遣の選択肢はぐっと広がります。定時・土日休みの求人、一度のぞいてみてください↓

↓
▶ 看護師派遣（健診・単発）（MC－ナースネット）
https://px.a8.net/svt/ejp?a8mat=4BC9FE+BET46Q+28MI+5ZEMP&a8sns=note
▶ 看護師専門の転職サイト（ナースJJ）
https://px.a8.net/svt/ejp?a8mat=4BC9F9+6J6A9U+2YJA+BX3J6&a8sns=note
▶ 自分に合う転職サービスを30秒で診断（LINE・無料）
https://career-line-bot.career-line-bot.workers.dev/l/note-m13?job=nurse","・補充ネタ（モデルケース）
・時給・勤務時間は求人ごとに異なる。一般論として書き、具体的な数字は「例」と明記
・年収差が-77万円（期間限定）。ネガティブな面もしっかり書く（指示書の方針どおり）"
14,医療福祉,モデルケース,【転職体験記No.14】フリーター（飲食店）→介護正社員 ＜「職歴がバイトしかないんですけど、正社員って無理ですよね」24歳＞,職歴バイトだけの24歳が、未経験で介護の正社員になって年収340万になるまで【転職体験記No.14】,資格を取るたびに給料が上がる。24歳フリーターが選んだ、介護という入り口,職歴がバイトだけで、不安…,"24歳フリーターが
未経験で介護の正社員に",資格取得費用は会社負担・賞与あり,0. PR表記／モデルケース注記 / 1. 冒頭フック（面談での一言） / 2. こんな悩み、ありませんか？（共感） / 3. 24歳・飲食店アルバイト。相談に来たときの状況 / 4. 無資格・未経験OKの施設へ。転職活動のリアル / ★中間CTA（4と5の間） / 5. 結果：年収240万円 → 340万円 / 6. 1年後のリアル（一般論） / 7. エージェントの一言：介護は、正社員になりやすい数少ない入り口 / 8. 〆（共感→↓） / 9. CTA（メイン＋サブ＋LINE診断）,"※本記事にはアフィリエイト広告（PR）を含みます。
※この記事は、複数の相談事例をもとにした想定ケース（モデルケース）です。実在の特定の方の話ではありません。

「職歴がバイトしかないんですけど、正社員って無理ですよね」。履歴書の職歴欄が1行で終わる、24歳の男性でした。

■ こんな悩み、ありませんか？
✔アルバイトやフリーターで、シフトも収入も不安定
✔資格も学歴もなく、正社員はあきらめかけている
✔人の役に立つ仕事がしたい気持ちはある

■ 24歳・飲食店アルバイト。相談に来たときの状況
24歳の男性。飲食店のアルバイトで生計を立てていましたが、シフトが不安定で、月収がブレる。「正社員になりたいけど、資格も職歴もない」と、履歴書の職歴欄が1行で終わる不安を話してくれました。

■ 無資格・未経験OKの施設へ。転職活動のリアル
選んだのは、無資格・未経験OK、資格取得支援ありの有料老人ホームです。働きながら、初任者研修、そして実務者研修を取る予定。介護は、未経験・無資格から正社員になりやすい数少ない業界です。

▼ ここまで読んで気になった方は、先にチェックしてみてください
▶ 介護派遣・未経験OK・資格取得支援（かいご畑）
https://px.a8.net/svt/ejp?a8mat=4BC9FE+BLCVUA+1W34+BWVTD&a8sns=note
▶ 介護の求人（正社員〜単発まで）（MC－介護のお仕事）
https://px.a8.net/svt/ejp?a8mat=4BC9FE+BMJR1U+28MI+NUMHT&a8sns=note
▶ 自分に合う転職サービスを30秒で診断（LINE・無料）
https://career-line-bot.career-line-bot.workers.dev/l/note-m14?job=care

■ 結果：年収240万円 → 340万円
・基本給・手当など 月給：250,000円
・賞与：年400,000円
・年収：3,400,000円（前職：2,400,000円 → +1,000,000円）
・資格取得費用：会社負担
・将来：3年後に介護福祉士を目指す
※内訳は目安です。資格を取るたびに手当が増える仕組みが、わかりやすいのも特徴です。

■ 1年後のリアル（一般論）
【要実例確認】最初は夜勤や身体介助に体力面の不安を感じる人が多く、慣れるまでに数か月かかります。資格を取るまでは給与が大きく上がらない時期もあります。実際の1年後は、担当例メモを反映してください。

■ エージェントの一言：介護は、正社員になりやすい数少ない入り口
介護は未経験・無資格から正社員を目指せる、数少ない業界です。資格を取るたびに手当が増える仕組みがはっきりしていて、キャリアの階段が見えやすいのも特徴です。職歴に自信がなくても、施設が求めるのは「続けられそうか」「人に向き合えるか」の部分です。

介護は、未経験・無資格から正社員になれる数少ない業界です。資格取得支援がある職場を選べば、働きながらキャリアも給料も積み上げられます。まずは「未経験OK」の求人を見てみてください↓

↓
▶ 介護派遣・未経験OK・資格取得支援（かいご畑）
https://px.a8.net/svt/ejp?a8mat=4BC9FE+BLCVUA+1W34+BWVTD&a8sns=note
▶ 介護の求人（正社員〜単発まで）（MC－介護のお仕事）
https://px.a8.net/svt/ejp?a8mat=4BC9FE+BMJR1U+28MI+NUMHT&a8sns=note
▶ 自分に合う転職サービスを30秒で診断（LINE・無料）
https://career-line-bot.career-line-bot.workers.dev/l/note-m14?job=care","・補充ネタ（モデルケース）
・かいご畑は「派遣が中心」。正社員求人は MC－介護のお仕事側。記事内の説明を分ける
・資格取得支援の条件は施設・制度ごとに異なるため、断定しない"
15,医療福祉,モデルケース,"【転職体験記No.15】介護福祉士（デイサービス）→訪問介護のサ責 ＜「今年の昇給、3,000円でした」38歳＞","デイサービス8年目、昇給3,000円に絶望した介護福祉士が『サ責』で月給30万になった話【転職体験記No.15】",介護福祉士の次の一手＝サ責。夜勤なしで役職手当、ケアマネへのステップにも,"昇給が年3,000円…","デイサービス8年目の介護福祉士が
『サ責』で月給30万円に",夜勤なし・役職手当・ケアマネへの道,0. PR表記／モデルケース注記 / 1. 冒頭フック（面談での一言） / 2. こんな悩み、ありませんか？（共感） / 3. 38歳・介護福祉士。相談に来たときの状況 / 4. サービス提供責任者へ。転職活動のリアル / ★中間CTA（4と5の間） / 5. 結果：年収370万円 → 420万円 / 6. 1年後のリアル（一般論） / 7. エージェントの一言：介護福祉士には「サ責」という道がある / 8. 〆（共感→↓） / 9. CTA（メイン＋サブ＋LINE診断）,"※本記事にはアフィリエイト広告（PR）を含みます。
※この記事は、複数の相談事例をもとにした想定ケース（モデルケース）です。実在の特定の方の話ではありません。

「今年の昇給、3,000円でした」。デイサービスで8年働く介護福祉士さんは、笑いながら、でも悔しそうにそう言いました。

■ こんな悩み、ありませんか？
✔何年働いても昇給がほとんどない
✔上のポストが空かず、キャリアが止まっている
✔介護福祉士を取ったのに、給料に反映されていない

■ 38歳・介護福祉士。相談に来たときの状況
38歳の介護福祉士さん。デイサービスで8年働いてきたものの、昇給は年3,000円。「役職が空く気配もなく、キャリアが止まっている感覚があります」と、笑いながら、でも悔しそうに話されました。

■ サービス提供責任者へ。転職活動のリアル
介護福祉士の資格があれば、訪問介護のサービス提供責任者（サ責）になれます。シフト管理や計画書の作成は未経験でしたが、入職後の研修で身につく形の求人を選びました。

▼ ここまで読んで気になった方は、先にチェックしてみてください
▶ 介護特化（役職・サ責求人）（MC－介護のお仕事）
https://px.a8.net/svt/ejp?a8mat=4BC9FE+BMJR1U+28MI+NUMHT&a8sns=note
▶ 介護派遣・資格取得支援（かいご畑）
https://px.a8.net/svt/ejp?a8mat=4BC9FE+BLCVUA+1W34+BWVTD&a8sns=note
▶ 自分に合う転職サービスを30秒で診断（LINE・無料）
https://career-line-bot.career-line-bot.workers.dev/l/note-m15?job=care

■ 結果：年収370万円 → 420万円
・月給：300,000円（夜勤なし）
・賞与：年600,000円
・年収：4,200,000円（前職：3,700,000円 → +500,000円）
・役職手当：サ責手当あり
・将来：ケアマネ受験の実務経験にも
※内訳は目安です。役職手当の金額は事業所によって大きく異なります。

■ 1年後のリアル（一般論）
【要実例確認】サ責は、現場の対応に加えて、シフト調整や利用者・スタッフとの連絡など、事務仕事の負担が増えます。夜勤がない分、平日の拘束が長くなることもあります。実際の1年後は、担当例メモを反映してください。

■ エージェントの一言：介護福祉士には「サ責」という道がある
介護福祉士を持っているなら「サ責」という道があります。夜勤なしで役職手当がつき、ケアマネへのステップにもなります。昇給が止まっていると感じたら、施設の中で待つだけでなく、役職のある求人を見に行くのが近道です。

介護福祉士を持っているなら、「サ責」や「リーダー職」という道があります。同じ資格でも、職場と役割を変えるだけで年収は変わります。役職つきの求人、一度チェックしてみてください↓

↓
▶ 介護特化（役職・サ責求人）（MC－介護のお仕事）
https://px.a8.net/svt/ejp?a8mat=4BC9FE+BMJR1U+28MI+NUMHT&a8sns=note
▶ 介護派遣・資格取得支援（かいご畑）
https://px.a8.net/svt/ejp?a8mat=4BC9FE+BLCVUA+1W34+BWVTD&a8sns=note
▶ 自分に合う転職サービスを30秒で診断（LINE・無料）
https://career-line-bot.career-line-bot.workers.dev/l/note-m15?job=care","・補充ネタ（モデルケース）
・サ責の役職手当・月給は事業所差が大きい。相場は「例」と明記
・介護福祉士の平均月給35万50円（厚労省 令和6年度介護従事者処遇状況等調査）との比較を入れると信頼度UP"
16,医療福祉,モデルケース,【転職体験記No.16】ケアマネ（特養・介護兼務）→居宅介護支援 ＜「肩書きはケアマネなんですけど、実際はほぼ介護職です」50歳＞,「名ばかりケアマネ」を卒業。50歳で居宅に移って、土日休み・専任になれた話【転職体験記No.16】,施設ケアマネの『兼務地獄』から抜け出す。居宅に移って変わったこと,肩書きはケアマネ、実態は介護職…,"50歳の『名ばかりケアマネ』が
居宅で専任・土日休みに",50代でもケアマネの求人はある,0. PR表記／モデルケース注記 / 1. 冒頭フック（面談での一言） / 2. こんな悩み、ありませんか？（共感） / 3. 50歳・施設ケアマネ。相談に来たときの状況 / 4. 居宅介護支援事業所へ。転職活動のリアル / ★中間CTA（4と5の間） / 5. 結果：年収430万円 → 454万円 / 6. 1年後のリアル（一般論） / 7. エージェントの一言：居宅は、担当件数と加算を見極める / 8. 〆（共感→↓） / 9. CTA（メイン＋サブ＋LINE診断）,"※本記事にはアフィリエイト広告（PR）を含みます。
※この記事は、複数の相談事例をもとにした想定ケース（モデルケース）です。実在の特定の方の話ではありません。

「肩書きはケアマネなんですけど、実際はほぼ介護職です」。施設で兼務を続けてきた、50歳のケアマネさんでした。

■ こんな悩み、ありませんか？
✔ケアマネなのに介護業務と兼務で、プラン作成は残業
✔50代からの転職は難しいと思っている
✔土日休みで、ケアマネの仕事に集中したい

■ 50歳・施設ケアマネ。相談に来たときの状況
50歳のケアマネジャーさん。特養で、ケアマネと介護職を兼務してきました。「肩書きはケアマネなんですけど、実際はほぼ介護職です」。ケアマネの仕事に集中したい、という相談でした。

■ 居宅介護支援事業所へ。転職活動のリアル
居宅介護支援事業所は、担当件数の管理がポイントです。「1人35件まで」や「特定事業所加算あり」の事業所を選びました。施設ケアマネの兼務疲れは多く、居宅は直行直帰・土日休みも多いため、50代でも十分に転職できます。

▼ ここまで読んで気になった方は、先にチェックしてみてください
▶ 介護特化（ケアマネ求人）（MC－介護のお仕事）
https://px.a8.net/svt/ejp?a8mat=4BC9FE+BMJR1U+28MI+NUMHT&a8sns=note
▶ 介護派遣・資格取得支援（かいご畑）
https://px.a8.net/svt/ejp?a8mat=4BC9FE+BLCVUA+1W34+BWVTD&a8sns=note
▶ 自分に合う転職サービスを30秒で診断（LINE・無料）
https://career-line-bot.career-line-bot.workers.dev/l/note-m16?job=care

■ 結果：年収430万円 → 454万円
・月給：320,000円
・賞与：年700,000円
・年収：4,540,000円（前職：4,300,000円 → +240,000円）
・働き方：ケアマネ専任・土日祝休み
・加算：特定事業所加算で給与水準が高め
※内訳は目安です。担当件数と加算の有無で、給与と負担が大きく変わります。

■ 1年後のリアル（一般論）
【要実例確認】専任になって業務の見通しは立ちやすくなる一方で、担当件数の管理や書類、利用者・家族・事業所との調整が中心になります。実際の1年後は、担当例メモを反映してください。

■ エージェントの一言：居宅は、担当件数と加算を見極める
施設ケアマネの兼務疲れは、本当によく聞く悩みです。居宅は直行直帰、土日休みの求人も多く、50代でも十分に転職できる分野です。ただし、担当件数と加算の有無で働き方が大きく変わるので、必ず事前に確認してください。

ケアマネは50代でも求人が多い職種です。担当件数や加算の有無など、見るべきポイントを押さえれば働き方は大きく変わります。専任で働ける求人を探してみてください↓

↓
▶ 介護特化（ケアマネ求人）（MC－介護のお仕事）
https://px.a8.net/svt/ejp?a8mat=4BC9FE+BMJR1U+28MI+NUMHT&a8sns=note
▶ 介護派遣・資格取得支援（かいご畑）
https://px.a8.net/svt/ejp?a8mat=4BC9FE+BLCVUA+1W34+BWVTD&a8sns=note
▶ 自分に合う転職サービスを30秒で診断（LINE・無料）
https://career-line-bot.career-line-bot.workers.dev/l/note-m16?job=care","・補充ネタ（モデルケース）
・担当件数の上限・加算の要件は制度改定の影響あり。最新の情報を確認して記載
・年齢は「50歳前後」にぼかす"
17,一般転職,実例,【転職体験記No.17】倉庫管理（高卒）→人材業界 ＜「車も結婚も、俺には無理っすよね」24歳の第一声＞,高卒・倉庫勤務から人材業界へ。24歳が武器にしたのは『エクセル』だった【転職体験記No.17】,「スキルがない」と思っている人ほど、実は武器を持っている。年収320万の24歳の話,高卒・スキルなし・年収320万…,"高卒の倉庫勤務が
人材業界へ。武器は『エクセル』",3社受けて1社内定。年収320万→500万,0. PR表記／個人特定の配慮 / 1. 冒頭フック（面談での一言） / 2. こんな悩み、ありませんか？（共感） / 3. 24歳・倉庫の管理業。相談に来たときの状況 / 4. 3社受けて1社内定。何が評価されたか / ★中間CTA（4と5の間） / 5. 結果：年収320万円→500万円 / 6. 1年後・2年後のリアル / 7. エージェントの一言：スキルがない人でも取り組める仕事 / 8. 〆（共感→↓） / 9. CTA（メイン＋サブ＋LINE診断）,"※本記事にはアフィリエイト広告（PR）を含みます。

「高卒で、倉庫勤務で、年収320万。車も結婚も、俺には無理っすよね」。面談室に入ってきた24歳の彼は、最初からあきらめ顔でした。

■ こんな悩み、ありませんか？
✔学歴もスキルもなくて、転職できる気がしない
✔今の給料では、車も結婚も現実的じゃない
✔とにかく稼げるようになりたい

■ 24歳・倉庫の管理業。相談に来たときの状況
24歳、高卒で倉庫の管理業をしていた男性です。「車が欲しい、結婚したい。でも今の給料では無理だ」と、最初からあきらめ顔でした。学歴もスキルもない自分が転職できるとは思えない。そんな状態で面談室に来てくれました。そこで選んだのが、未経験でもキャリアを作りやすい人材業界でした。

■ 3社受けて1社内定。何が評価されたか
応募は3社、内定は1社で、そこに決めました。評価されたのは、稼ぎたいという強い動機と、倉庫の管理業で身につけたエクセルのスキルです。本人は「そんなの誰でもできる」と思っていましたが、実務で使える人は意外と少なく、面接では具体的な使い方を話せたことが効きました。

▼ ここまで読んで気になった方は、先にチェックしてみてください
▶ 20代向けの総合型エージェント（Yume Career）
https://px.a8.net/svt/ejp?a8mat=4BC9F9+77L0J6+5PWS+BXB8X&a8sns=note
▶ 第二新卒・既卒向けの転職支援（第二新卒エージェントneo）
https://px.a8.net/svt/ejp?a8mat=4BC9F9+6TW1MA+3Y6M+65ME9&a8sns=note
▶ 自分に合う転職サービスを30秒で診断（LINE・無料）
https://career-line-bot.career-line-bot.workers.dev/l/note-g17

■ 結果：年収320万円→500万円
・転職前の年収：320万円
・転職後の年収：500万円
・年収差：+180万円
・1年目：400万円＋賞与100万円
・2年目：430万円＋賞与230万円（年収約660万円）
1年目は月給＋賞与、2年目は月給が上がり賞与も増えて、ネタ帳の記録では年収約660万円になっています。業績や評価に連動するため、入社時点で保証される金額ではありません。

■ 1年後・2年後のリアル
【要実例確認】年収は2年目に約660万円まで上がった一方、成果を求められる環境です。頑張った分だけ伸びる反面、数字の重さもあります。実際の様子は担当例メモで差し替えてください。

■ エージェントの一言：スキルがない人でも取り組める仕事
人材業界は、スキルがなくても取り組める仕事です。私自身、入ったときは何のスキルもありませんでした。この人の場合、エクセルという“自分では気づけない強み”があった。エージェントの仕事の半分は、それを一緒に見つけることだと思っています。

「スキルがない」と思っている人ほど、実は武器を持っています。彼の場合はエクセルでした。自分では気づけない強みを見つけるのも、エージェントの仕事です。まずは話してみてください↓

↓
▶ 20代向けの総合型エージェント（Yume Career）
https://px.a8.net/svt/ejp?a8mat=4BC9F9+77L0J6+5PWS+BXB8X&a8sns=note
▶ 第二新卒・既卒向けの転職支援（第二新卒エージェントneo）
https://px.a8.net/svt/ejp?a8mat=4BC9F9+6TW1MA+3Y6M+65ME9&a8sns=note
▶ 自分に合う転職サービスを30秒で診断（LINE・無料）
https://career-line-bot.career-line-bot.workers.dev/l/note-g17","・実例：年齢は「20代前半」にぼかす／会社名は出さない
・年収は500万円と約660万円（2年目）の両方が出るため、どちらの話かを本文で明確に
・賞与・インセンは会社・評価次第と明記"
18,一般転職,実例,【転職体験記No.18】人材（エッセンシャル）→人材（ハイクラス） ＜「自分のキャリアが一番分からないんです」29歳の同業者＞,人材業界の『介在価値って何？』問題。29歳が出した答えと、転職の中身【転職体験記No.18】,人材紹介で成果は出していた。それでも辞めた理由と、その後の年収の話,成果は出てるのに、モヤモヤする…,"人材業界の『介在価値って何？』
29歳が出した答え",エッセンシャル→ハイクラスの現実,0. PR表記／個人特定の配慮 / 1. 冒頭フック（面談での一言） / 2. こんな悩み、ありませんか？（共感） / 3. 29歳・人材業界。同業からの相談 / 4. 選考のリアルと、構造の違い / ★中間CTA（4と5の間） / 5. 結果：年収の中身が変わった / 6. 入社後のリアル / 7. エージェントの一言：人材のあとの選択肢は広い / 8. 〆（共感→↓） / 9. CTA（メイン＋サブ＋LINE診断）,"※本記事にはアフィリエイト広告（PR）を含みます。

「人の転職を支援してるのに、自分のキャリアが一番分からないんです」。同業の29歳から、そんな相談を受けました。私自身も昔、まったく同じことで悩んでいました。

■ こんな悩み、ありませんか？
✔人材業界で成果は出しているけど、“介在価値”に迷っている
✔もっと経営に近いところで仕事がしたい
✔人材の次のキャリアが見えない

■ 29歳・人材業界。同業からの相談
29歳、人材業界（医療福祉領域）で一定の成果を出していた方です。ただ「自分がいる意味（介在価値）は何か」に行き詰まり、もっと経営に近い場所で働きたいと考えるようになりました。同業の私にとって、他人事ではない相談でした。

■ 選考のリアルと、構造の違い
人材紹介の出身なので、ある程度シナジーはあります。ただ、医療福祉の紹介とハイクラス（M&Aやコンサルなど）では、仕事の構造がかなり異なります。そこを理解した上で、なぜ領域を変えるのかを自分の言葉で語れるかが選考の中心でした。

▼ ここまで読んで気になった方は、先にチェックしてみてください
▶ 営業・ハイキャリア寄りの転職支援（Groovement Agent）
https://px.a8.net/svt/ejp?a8mat=4BC9F9+6V2WTU+4SXU+NUMHT&a8sns=note
▶ 若手ハイクラス向けの転職支援（ASSIGN）
https://px.a8.net/svt/ejp?a8mat=4BC36H+AP7H6A+49JS+BXIYP&a8sns=note
▶ 自分に合う転職サービスを30秒で診断（LINE・無料）
https://career-line-bot.career-line-bot.workers.dev/l/note-g18

■ 結果：年収の中身が変わった
・転職前：年収720万円（年俸500万円＋賞与）
・転職後：年俸480万円＋賞与
・賞与の仕組み：（売上−給与）×30%
転職後の年収額はネタ帳に記載がないため、断定していません。年俸は下がり、賞与は成果連動になっています。実例で書く場合は実際の金額に差し替えてください。

■ 入社後のリアル
【要実例確認】固定が下がって成果連動が増えるため、年収は振れ幅が大きくなります。良い年と悪い年の差を、実例に合わせて具体的に書いてください。

■ エージェントの一言：人材のあとの選択肢は広い
人材業界はかなり細かく分かれていて、キャリアに悩む人も多い業界です。私もその一人でした。選択肢は、人材から人材、無形商材の営業、コンサルなど意外と広い。まず自分の軸を言葉にするところから始めると、迷いが減ります。

人材業界からのキャリアは、人材→人材、無形商材、コンサルなど意外と広いです。自分の軸を言葉にするところから、一緒に考えてみませんか↓

↓
▶ 営業・ハイキャリア寄りの転職支援（Groovement Agent）
https://px.a8.net/svt/ejp?a8mat=4BC9F9+6V2WTU+4SXU+NUMHT&a8sns=note
▶ 若手ハイクラス向けの転職支援（ASSIGN）
https://px.a8.net/svt/ejp?a8mat=4BC36H+AP7H6A+49JS+BXIYP&a8sns=note
▶ 自分に合う転職サービスを30秒で診断（LINE・無料）
https://career-line-bot.career-line-bot.workers.dev/l/note-g18","・実例：同業の相談。年齢は「20代後半」にぼかす
・転職後の総年収が未記載。入れる場合は実例で確認
・「ハイクラス」という言葉に年収の保証はない旨を書く"
19,一般転職,実例,【転職体験記No.19】不動産→M&A仲介 ＜「夢はゲレンデとランクルの2台持ちです」27歳＞,不動産営業からM&A仲介へ。『年収青天井』の裏側と、それでも選んだ27歳の覚悟【転職体験記No.19】,M&A仲介は7社受けて4社通過。稼ぎたい27歳が評価された意外なポイント,とにかく稼ぎたい。でも通用する？,"不動産営業→M&A仲介
『青天井』の裏側",7社応募→4社通過→1社内定,0. PR表記／個人特定の配慮 / 1. 冒頭フック（面談での一言） / 2. こんな悩み、ありませんか？（共感） / 3. 27歳・不動産営業。相談に来たときの状況 / 4. 7社書類→4社通過→1社内定 / ★中間CTA（4と5の間） / 5. 結果：年収620万円→年俸500万円＋インセン / 6. 入社後のリアル / 7. エージェントの一言：M&A業界の稼ぎ方と現実 / 8. 〆（共感→↓） / 9. CTA（メイン＋サブ＋LINE診断）,"※本記事にはアフィリエイト広告（PR）を含みます。

「夢はゲレンデとランクルの2台持ちです」。27歳の彼は、真顔でそう言いました。この人は稼げるな、と私は思いました。

■ こんな悩み、ありませんか？
✔とにかく年収を上げたい。ハードワークは覚悟の上
✔M&A業界に興味はあるけど、自分が通用するか分からない
✔結婚を控えて、稼げる土台を作りたい

■ 27歳・不動産営業。相談に来たときの状況
27歳、不動産営業の男性です。将来の夢はベンツのゲレンデとランクルの2台持ち。そのために年収を上げられるだけ上げたい、結婚も控えているのでハードワークは覚悟の上、という相談でした。私は面談の最初の5分で「この人は稼げるな」と思いました。

■ 7社書類→4社通過→1社内定
大手M&A仲介を7社受けて、書類が通ったのが4社、内定は1社で承諾しました。評価されたのは、とにかく稼ぎたいというマネーモチベーションと、不動産営業で培った体力と礼節です。

▼ ここまで読んで気になった方は、先にチェックしてみてください
▶ M&A業界の転職支援（M&A BEGINNERS）
https://px.a8.net/svt/ejp?a8mat=4BC9F9+56CP4I+5W6C+HV7V6&a8sns=note
▶ M&A業界特化の転職支援（NewMA）
https://px.a8.net/svt/ejp?a8mat=4BC9F9+6D7WOI+5YCE+5YJRM&a8sns=note
▶ 自分に合う転職サービスを30秒で診断（LINE・無料）
https://career-line-bot.career-line-bot.workers.dev/l/note-g19

■ 結果：年収620万円→年俸500万円＋インセン
・転職前：年収620万円
・転職後：年俸500万円＋インセンティブ（青天井）
固定は下がり、インセンティブで上を狙う設計です。ネタ帳には実際のインセン額の記載がないため、金額は断定していません。

■ 入社後のリアル
【要実例確認】インセンティブ型は、入社直後は固定で下がる人が多い一方、成果次第で大きく伸びる世界です。数年後の実際の到達年収は実例で確認して書いてください。

■ エージェントの一言：M&A業界の稼ぎ方と現実
M&A業界は平均年収2000万円に届く会社も多く、選考のハードルも高いです。稼いでいる人は5000万円という話も聞きます。ただ現実的には、会社選びで働き方も年収も大きく変わります。業界に強いエージェントを味方にするのが近道です。

M&A業界は稼げる一方で、会社選びで働き方も年収も大きく変わります。選考のハードルも高いので、業界に強いエージェントを味方につけるのがおすすめです↓

↓
▶ M&A業界の転職支援（M&A BEGINNERS）
https://px.a8.net/svt/ejp?a8mat=4BC9F9+56CP4I+5W6C+HV7V6&a8sns=note
▶ M&A業界特化の転職支援（NewMA）
https://px.a8.net/svt/ejp?a8mat=4BC9F9+6D7WOI+5YCE+5YJRM&a8sns=note
▶ 自分に合う転職サービスを30秒で診断（LINE・無料）
https://career-line-bot.career-line-bot.workers.dev/l/note-g19","・実例：年齢は「20代後半」にぼかす
・「平均2000万」「5000万」は業界一般の話として出典を確認（ネタ帳の担当者の発言）
・年収の保証ではないと明記"
20,一般転職,モデルケース,【転職体験記No.20】携帯ショップ販売→SaaSインサイドセールス ＜「販売しかやってないので、ITは無理ですよね」26歳＞,携帯ショップ店員からSaaSのインサイドセールスへ。未経験でIT業界に入れた理由【転職体験記No.20】,土日出勤とノルマに疲れた26歳が、『聞く力』だけでIT業界に入った話,販売しか経験がない…IT無理？,"携帯ショップ店員が
SaaSのインサイドセールスへ",4社応募→2社内定。350万→430万,0. PR表記／モデルケース注記 / 1. 冒頭フック（面談での一言） / 2. こんな悩み、ありませんか？（共感） / 3. 26歳・携帯ショップ販売。相談の状況 / 4. 4社応募→2社内定。評価されたポイント / ★中間CTA（4と5の間） / 5. 結果：年収350万円→430万円 / 6. 入社後のリアル / 7. エージェントの一言：未経験ITの王道ルート / 8. 〆（共感→↓） / 9. CTA（メイン＋サブ＋LINE診断）,"※本記事にはアフィリエイト広告（PR）を含みます。
※この記事は、複数の相談事例をもとにした想定ケース（モデルケース）です。実在の特定の方の話ではありません。

「販売しかやったことないので、ITとか法人営業は無理ですよね」。携帯ショップで働く26歳の男性でした。

■ こんな悩み、ありませんか？
✔土日出勤とノルマに疲れている
✔販売・接客の経験しかない
✔IT業界に興味はあるけど、未経験だから無理だと思っている

■ 26歳・携帯ショップ販売。相談の状況
26歳、携帯ショップで販売をしていた男性の、モデルケースです。土日出勤とノルマに疲れ、販売の経験しかない自分に法人営業やIT業界は無理だと思っていました。

■ 4社応募→2社内定。評価されたポイント
4社に応募して2社から内定。評価されたのは、顧客の話を聞いて提案する接客経験と、目標を達成するまで粘る姿勢でした。

▼ ここまで読んで気になった方は、先にチェックしてみてください
▶ 20代の未経験転職に強い支援（UZUZ（ウズウズ））
https://px.a8.net/svt/ejp?a8mat=4BCBRC+DQR8HE+33T0+60WN5&a8sns=note
▶ 未経験からのIT転職支援（ウズウズIT）
https://px.a8.net/svt/ejp?a8mat=4BC9F9+79DCW2+33T0+1BMW42&a8sns=note
▶ 自分に合う転職サービスを30秒で診断（LINE・無料）
https://career-line-bot.career-line-bot.workers.dev/l/note-g20

■ 結果：年収350万円→430万円
・転職前：月給27万円＋賞与（年収350万円）
・転職後：月給30万円＋賞与・インセン（年収430万円）
・年収差：+80万円
モデルケースの数字です。実例に差し替える場合は、金額を担当例メモに合わせてください。

■ 入社後のリアル
【要実例確認】インサイドセールスは数字を追う職種です。入社後の研修やマネージャーの質で、成長のスピードが大きく変わります。実際の様子を書いてください。

■ エージェントの一言：未経験ITの王道ルート
販売・接客からインサイドセールスは、未経験からIT業界に入る王道のルートです。土日休み・リモート可の企業も多くあります。コツは「聞く力」を、商談の言葉に置き換えて話すことです。

販売・接客で培った「聞く力」は、インサイドセールスでそのまま活きます。未経験からIT業界に入る人の王道ルートです。まずは未経験OKの求人を見てみてください↓

↓
▶ 20代の未経験転職に強い支援（UZUZ（ウズウズ））
https://px.a8.net/svt/ejp?a8mat=4BCBRC+DQR8HE+33T0+60WN5&a8sns=note
▶ 未経験からのIT転職支援（ウズウズIT）
https://px.a8.net/svt/ejp?a8mat=4BC9F9+79DCW2+33T0+1BMW42&a8sns=note
▶ 自分に合う転職サービスを30秒で診断（LINE・無料）
https://career-line-bot.career-line-bot.workers.dev/l/note-g20","・モデルケース：本文で「実際の担当者ではなく想定事例」と明記する
・実例に差し替えるときは年齢を「20代半ば」に
・IT未経験OKの求人数は公開情報で確認"
21,一般転職,モデルケース,【転職体験記No.21】不動産売買仲介→SaaSフィールドセールス ＜「来年も同じだけ稼げる自信は、一度もなかった」30歳＞,不動産営業からSaaSへ。『歩合の不安』から抜け出して年収も上がった30歳の話【転職体験記No.21】,歩合頼みで年収が毎年ブレる…固定540万円に変えた30歳の選択,歩合頼みで毎年ブレる年収…,"不動産営業→SaaSへ
歩合の不安から抜け出した",550万→650万。固定が上がった,0. PR表記／モデルケース注記 / 1. 冒頭フック（面談での一言） / 2. こんな悩み、ありませんか？（共感） / 3. 30歳・不動産売買仲介。相談の状況 / 4. 5社応募→2社内定。評価されたポイント / ★中間CTA（4と5の間） / 5. 結果：年収550万円→650万円 / 6. 入社後のリアル / 7. エージェントの一言：高単価営業はSaaSでも通用する / 8. 〆（共感→↓） / 9. CTA（メイン＋サブ＋LINE診断）,"※本記事にはアフィリエイト広告（PR）を含みます。
※この記事は、複数の相談事例をもとにした想定ケース（モデルケース）です。実在の特定の方の話ではありません。

「いい年もあるんです。でも、来年も同じだけ稼げる自信は一度もなかった」。不動産売買の営業をしていた30歳の男性でした。

■ こんな悩み、ありませんか？
✔歩合頼みで、年収が毎年大きくブレる
✔休日も電話対応に追われている
✔不動産以外で自分の営業力が通用するか分からない

■ 30歳・不動産売買仲介。相談の状況
30歳、不動産売買の営業をしていた男性のモデルケースです。いい年もあるが、来年も同じだけ稼げる自信は一度もない。休日の電話対応にも疲れていました。

■ 5社応募→2社内定。評価されたポイント
5社に応募して2社から内定。評価されたのは、高単価商材の商談経験と、数字への執着でした。

▼ ここまで読んで気になった方は、先にチェックしてみてください
▶ 営業・ITなど幅広い転職支援（sXars）
https://px.a8.net/svt/ejp?a8mat=4BC9F9+6HDZGI+5YHY+5YJRM&a8sns=note
▶ 営業・ハイキャリア寄りの転職支援（Groovement Agent）
https://px.a8.net/svt/ejp?a8mat=4BC9F9+6V2WTU+4SXU+NUMHT&a8sns=note
▶ 自分に合う転職サービスを30秒で診断（LINE・無料）
https://career-line-bot.career-line-bot.workers.dev/l/note-g21

■ 結果：年収550万円→650万円
・転職前：固定300万円＋歩合（年によって±150万円）
・転職後：固定540万円＋インセン約110万円
・年収：550万円→650万円（+100万円）
モデルケースの数字です。前職の歩合は年によって変動し、550万円は平均的な年の目安として書いています。

■ 入社後のリアル
【要実例確認】固定が上がって安定する一方、SaaSは商談数や契約期間の長さが不動産と違います。慣れるまでの数ヶ月のリアルを書いてください。

■ エージェントの一言：高単価営業はSaaSでも通用する
不動産営業の「高単価×クロージング力」は、SaaSでも通用します。最大のメリットは、固定給が上がって年収が安定することです。自分の営業力がどこで通用するかは、意外と自分では分かりません。

高単価商材で鍛えたクロージング力は、SaaSでも高く評価されます。固定給が上がって年収が安定する人も多いです。自分の営業力がどこで通用するか、一度プロに聞いてみてください↓

↓
▶ 営業・ITなど幅広い転職支援（sXars）
https://px.a8.net/svt/ejp?a8mat=4BC9F9+6HDZGI+5YHY+5YJRM&a8sns=note
▶ 営業・ハイキャリア寄りの転職支援（Groovement Agent）
https://px.a8.net/svt/ejp?a8mat=4BC9F9+6V2WTU+4SXU+NUMHT&a8sns=note
▶ 自分に合う転職サービスを30秒で診断（LINE・無料）
https://career-line-bot.career-line-bot.workers.dev/l/note-g21","・モデルケース：想定事例と明記
・前職550万円は歩合の年によって幅があるため「目安」と書く
・sXarsは関西・関東などエリア制限があるため確認"
22,一般転職,モデルケース,【転職体験記No.22】人材派遣コーディネーター→IT人材紹介 ＜「朝イチの電話が『明日スタッフ来ないんですけど！』」28歳＞,人材派遣からIT領域の人材紹介へ。同じ業界なのに年収+100万円になった理由【転職体験記No.22】,同じ人材業界でも『派遣』と『紹介』はまったく別物。28歳が選んだ道,穴埋め対応に追われる毎日…,"人材派遣→IT人材紹介
同じ業界で年収+100万",380万→480万。2年目は550万見込み,0. PR表記／モデルケース注記 / 1. 冒頭フック（面談での一言） / 2. こんな悩み、ありませんか？（共感） / 3. 28歳・派遣コーディネーター。相談の状況 / 4. 3社応募→2社内定。評価されたポイント / ★中間CTA（4と5の間） / 5. 結果：年収380万円→480万円 / 6. 入社後のリアル / 7. エージェントの一言：派遣と紹介は別物 / 8. 〆（共感→↓） / 9. CTA（メイン＋サブ＋LINE診断）,"※本記事にはアフィリエイト広告（PR）を含みます。
※この記事は、複数の相談事例をもとにした想定ケース（モデルケース）です。実在の特定の方の話ではありません。

「朝イチの電話が『明日スタッフ来ないんですけど！』なんです」。人材派遣のコーディネーター、28歳の女性でした。

■ こんな悩み、ありませんか？
✔トラブル対応に追われて、求職者と深く向き合えない
✔同じ人材業界でも、もっと専門性を身につけたい
✔年収を上げたい

■ 28歳・派遣コーディネーター。相談の状況
28歳、人材派遣のコーディネーターをしていた女性のモデルケースです。朝イチの電話は「明日スタッフが来ない」。穴埋め対応に追われ、もっと求職者のキャリアに深く関わりたいと感じていました。

■ 3社応募→2社内定。評価されたポイント
3社に応募して2社から内定。評価されたのは、派遣で培った企業との調整力と、IT領域を学ぼうとする姿勢でした。

▼ ここまで読んで気になった方は、先にチェックしてみてください
▶ 20代向けの総合型エージェント（Yume Career）
https://px.a8.net/svt/ejp?a8mat=4BC9F9+77L0J6+5PWS+BXB8X&a8sns=note
▶ 20代向けの転職相談（20代の転職相談所）
https://px.a8.net/svt/ejp?a8mat=4BCBRC+DUX9PU+10SQ+CEVYP&a8sns=note
▶ 自分に合う転職サービスを30秒で診断（LINE・無料）
https://career-line-bot.career-line-bot.workers.dev/l/note-g22

■ 結果：年収380万円→480万円
・転職前：年収380万円
・転職後：年収480万円（インセン込み）
・年収差：+100万円
・2年目：550万円見込み
モデルケースの数字です。2年目の550万円は「見込み」であり、保証ではありません。

■ 入社後のリアル
【要実例確認】紹介は数字（売上）を追う仕事です。派遣と比べて、求職者対応のやりがいと数字のプレッシャーの両方を書いてください。

■ エージェントの一言：派遣と紹介は別物
同じ人材業界でも、派遣と紹介は仕事内容も年収も別物です。IT領域の紹介は単価が高く、年収も上がりやすい。領域を変えるだけで、キャリアの伸び方は大きく変わります。

同じ人材業界でも、「派遣」と「紹介」は仕事も年収も別物です。領域を変えるだけで、キャリアの伸び方は大きく変わります。人材業界の中の選択肢、一度整理してみませんか↓

↓
▶ 20代向けの総合型エージェント（Yume Career）
https://px.a8.net/svt/ejp?a8mat=4BC9F9+77L0J6+5PWS+BXB8X&a8sns=note
▶ 20代向けの転職相談（20代の転職相談所）
https://px.a8.net/svt/ejp?a8mat=4BCBRC+DUX9PU+10SQ+CEVYP&a8sns=note
▶ 自分に合う転職サービスを30秒で診断（LINE・無料）
https://career-line-bot.career-line-bot.workers.dev/l/note-g22","・モデルケース：想定事例と明記
・2年目550万円は見込みと明記
・業界の内情の書き方（同業への配慮）に注意"
23,一般転職,モデルケース,【転職体験記No.23】飲食店長→未経験インフラエンジニア ＜「店長になったとき、正直ぜんぜんうれしくなかった」25歳＞,飲食店長→未経験インフラエンジニア。年収は一度下がった。それでも転職してよかった話【転職体験記No.23】,未経験ITは最初に年収が下がる。それを承知で選んだ25歳の、2年後,休み月6日…手に職をつけたい,"飲食店長→未経験ITへ
年収は一度下がった",360万→330万→420万（2年目）,0. PR表記／モデルケース注記 / 1. 冒頭フック（面談での一言） / 2. こんな悩み、ありませんか？（共感） / 3. 25歳・飲食店の店長。相談の状況 / 4. 独学のCCNA→未経験可のSESへ / ★中間CTA（4と5の間） / 5. 結果：年収360万円→330万円 / 6. 1年後・2年後のリアル / 7. エージェントの一言：正直に伝えるから信頼される / 8. 〆（共感→↓） / 9. CTA（メイン＋サブ＋LINE診断）,"※本記事にはアフィリエイト広告（PR）を含みます。
※この記事は、複数の相談事例をもとにした想定ケース（モデルケース）です。実在の特定の方の話ではありません。

「店長になったとき、正直ぜんぜんうれしくなかったんです」。月の休みが6日、25歳の飲食店長でした。

■ こんな悩み、ありませんか？
✔休みが少なく、長時間労働が当たり前になっている
✔手に職をつけて、将来はリモートで働きたい
✔未経験からITに行くと、年収が下がるのが怖い

■ 25歳・飲食店の店長。相談の状況
25歳、飲食店の店長のモデルケースです。月の休みは6日。手に職をつけて、将来はリモートで働けるようになりたいと考えていました。

■ 独学のCCNA→未経験可のSESへ
独学でCCNAを取得し、未経験可のSESへ。最初は監視・運用のポジションからのスタートでした。年収は一時的に下がりました。

▼ ここまで読んで気になった方は、先にチェックしてみてください
▶ 未経験からのIT転職支援（ウズウズIT）
https://px.a8.net/svt/ejp?a8mat=4BC9F9+79DCW2+33T0+1BMW42&a8sns=note
▶ IT・エンジニア向け（関東エリア）（Agent Projin）
https://px.a8.net/svt/ejp?a8mat=4BC9F9+74LUIA+4GWI+BZVU9&a8sns=note
▶ 自分に合う転職サービスを30秒で診断（LINE・無料）
https://career-line-bot.career-line-bot.workers.dev/l/note-g23

■ 結果：年収360万円→330万円
・転職前：年収360万円
・転職後1年目：年収330万円
・年収差：−30万円
・2年目：年収420万円（構築案件へ）
モデルケースの数字です。1年目は下がり、2年目に構築案件へ移って上がる想定です。

■ 1年後・2年後のリアル
【要実例確認】未経験ITは、最初の年収が下がることも多いです。資格と経験2年で伸びる一方、配属先によって成長は大きく変わります。実際の様子を書いてください。

■ エージェントの一言：正直に伝えるから信頼される
未経験ITは最初の年収が下がることも多い業界です。でも、資格と経験2年で一気に巻き返せる。正直に書くことで信頼される、と私は思っています。正しいルートを知ってから動くのが大切です。

未経験ITは、最初の年収が一時的に下がることもあります。でも資格と2年の経験で一気に巻き返せるのがこの業界。正しいルートを知ってから動くのが大事です↓

↓
▶ 未経験からのIT転職支援（ウズウズIT）
https://px.a8.net/svt/ejp?a8mat=4BC9F9+79DCW2+33T0+1BMW42&a8sns=note
▶ IT・エンジニア向け（関東エリア）（Agent Projin）
https://px.a8.net/svt/ejp?a8mat=4BC9F9+74LUIA+4GWI+BZVU9&a8sns=note
▶ 自分に合う転職サービスを30秒で診断（LINE・無料）
https://career-line-bot.career-line-bot.workers.dev/l/note-g23","・モデルケース：想定事例と明記
・年収ダウン記事なので、デメリットを隠さず書く
・SESの現実（配属ガチャ）も入れる
・Agent Projinは関東エリア限定"
24,一般転職,モデルケース,【転職体験記No.24】SIer（客先常駐）→社内SE ＜「自分がどこの会社の人間なのか、分からなくなるんです」32歳＞,SIerの客先常駐から社内SEへ。残業60h→15hで年収も上がった32歳の転職【転職体験記No.24】,客先常駐3年目の32歳が、残業を減らして年収も上げた方法,客先常駐、月60時間の残業…,"SIerの客先常駐→社内SE
残業60h→15h",4社応募→1社内定。550→600万,0. PR表記／モデルケース注記 / 1. 冒頭フック（面談での一言） / 2. こんな悩み、ありませんか？（共感） / 3. 32歳・SIerのSE。相談の状況 / 4. 4社応募→1社内定。評価されたポイント / ★中間CTA（4と5の間） / 5. 結果：年収550万円→600万円 / 6. 入社後のリアル / 7. エージェントの一言：社内SEは早い者勝ち / 8. 〆（共感→↓） / 9. CTA（メイン＋サブ＋LINE診断）,"※本記事にはアフィリエイト広告（PR）を含みます。
※この記事は、複数の相談事例をもとにした想定ケース（モデルケース）です。実在の特定の方の話ではありません。

「自分がどこの会社の人間なのか、分からなくなるんです」。客先常駐3年目、32歳のSEでした。

■ こんな悩み、ありませんか？
✔客先常駐で、帰属意識が持てない
✔残業が多く、プライベートの時間がない
✔自社サービスに腰を据えて関わりたい

■ 32歳・SIerのSE。相談の状況
32歳、SIerで客先常駐をしているSEのモデルケースです。月の残業は60時間。自社サービスに関わり、腰を据えて働きたいと考えていました。

■ 4社応募→1社内定。評価されたポイント
4社に応募して1社から内定。評価されたのは、要件定義から運用まで一通り経験していることと、社内調整力でした。

▼ ここまで読んで気になった方は、先にチェックしてみてください
▶ SE・エンジニア向けの転職支援（SEナビ）
https://px.a8.net/svt/ejp?a8mat=4BC9F9+6M5ER6+3IZO+I3SI9&a8sns=note
▶ ITエンジニア向けの転職支援（TECH CLIPSエージェント）
https://px.a8.net/svt/ejp?a8mat=4BC9F9+7IATF6+3SWM+601S1&a8sns=note
▶ 自分に合う転職サービスを30秒で診断（LINE・無料）
https://career-line-bot.career-line-bot.workers.dev/l/note-g24

■ 結果：年収550万円→600万円
・転職前：年収550万円（残業代込み）
・転職後：年収600万円（残業少なめ）
・残業時間：月60時間→15時間
・年収差：+50万円
モデルケースの数字です。残業が減っても年収が上がった想定です。

■ 入社後のリアル
【要実例確認】社内SEは人気で、入社後に「開発をしたい」人とのギャップが出ることもあります。実際の様子を書いてください。

■ エージェントの一言：社内SEは早い者勝ち
SIerから社内SEは人気の転職先で、求人は早い者勝ちになりがちです。残業が大幅に減って、年収も維持〜アップを狙えます。早めに情報を集めておくことをおすすめします。

SIerから社内SEへの転職は人気が高く、求人は早い者勝ちになりがちです。残業が減って年収も維持できるケースは多いので、早めに情報を集めておくのがおすすめです↓

↓
▶ SE・エンジニア向けの転職支援（SEナビ）
https://px.a8.net/svt/ejp?a8mat=4BC9F9+6M5ER6+3IZO+I3SI9&a8sns=note
▶ ITエンジニア向けの転職支援（TECH CLIPSエージェント）
https://px.a8.net/svt/ejp?a8mat=4BC9F9+7IATF6+3SWM+601S1&a8sns=note
▶ 自分に合う転職サービスを30秒で診断（LINE・無料）
https://career-line-bot.career-line-bot.workers.dev/l/note-g24","・モデルケース：想定事例と明記
・残業60h→15hは想定値。実例に差し替えるときは要確認
・社内SEの倍率について、根拠のない断定を避ける"
25,一般転職,モデルケース,【転職体験記No.25】国内SaaSサポート→外資SaaSカスタマーサクセス ＜「『CSって何やってるの？』ってうまく答えられない」29歳＞,国内SaaSのサポートから外資CSへ。年収500万→700万、数字で語れる実績の作り方【転職体験記No.25】,英語は読み書き程度でも外資に行けた。決め手は『解約率』を数字で語れたこと,成長してる実感がない…,"サポート職→外資CSへ
年収500万→700万",決め手は『数字で語れる実績』,0. PR表記／モデルケース注記 / 1. 冒頭フック（面談での一言） / 2. こんな悩み、ありませんか？（共感） / 3. 29歳・国内SaaSのサポート。相談の状況 / 4. 5社応募→2社内定。決め手は数字 / ★中間CTA（4と5の間） / 5. 結果：年収500万円→700万円 / 6. 入社後のリアル / 7. エージェントの一言：数字で語れる実績が鍵 / 8. 〆（共感→↓） / 9. CTA（メイン＋サブ＋LINE診断）,"※本記事にはアフィリエイト広告（PR）を含みます。
※この記事は、複数の相談事例をもとにした想定ケース（モデルケース）です。実在の特定の方の話ではありません。

「『CSって何やってるの？』って聞かれて、うまく答えられないんです」。国内SaaSでサポートをしていた29歳の女性でした。

■ こんな悩み、ありませんか？
✔問い合わせ対応ばかりで、成長している実感がない
✔CS職のキャリアの先が見えない
✔外資は英語ができないと無理だと思っている

■ 29歳・国内SaaSのサポート。相談の状況
29歳、国内SaaSでカスタマーサポートをしていた女性のモデルケースです。問い合わせ対応が中心で、顧客の成果にまで踏み込めないことに、キャリアの伸びしろを感じられなくなっていました。

■ 5社応募→2社内定。決め手は数字
5社に応募して2社から内定。決め手は、解約率を下げた実績を数字で語れたことでした。英語は読み書き程度でした。

▼ ここまで読んで気になった方は、先にチェックしてみてください
▶ 営業・ハイキャリア寄りの転職支援（Groovement Agent）
https://px.a8.net/svt/ejp?a8mat=4BC9F9+6V2WTU+4SXU+NUMHT&a8sns=note
▶ 営業・ITなど幅広い転職支援（sXars）
https://px.a8.net/svt/ejp?a8mat=4BC9F9+6HDZGI+5YHY+5YJRM&a8sns=note
▶ 自分に合う転職サービスを30秒で診断（LINE・無料）
https://career-line-bot.career-line-bot.workers.dev/l/note-g25

■ 結果：年収500万円→700万円
・転職前：年収500万円
・転職後：年収700万円（ベース620万円＋ボーナス80万円）
・年収差：+200万円
モデルケースの数字です。外資は評価・為替・業績で変動します。

■ 入社後のリアル
【要実例確認】外資は成果主義で、英語でのやり取りも増えます。期待される数字の重さや、契約更新のリスクも書いてください。

■ エージェントの一言：数字で語れる実績が鍵
CS職は、外資SaaSに行くと年収のレンジが一段上がることがあります。大切なのは「解約率」「アップセル」など、数字で語れる実績です。職務経歴書の見せ方から一緒に作れます。

CS職は、会社を変えるだけで年収レンジが一段上がることがあります。大事なのは「数字で語れる実績」。職務経歴書の見せ方から一緒に作れます↓

↓
▶ 営業・ハイキャリア寄りの転職支援（Groovement Agent）
https://px.a8.net/svt/ejp?a8mat=4BC9F9+6V2WTU+4SXU+NUMHT&a8sns=note
▶ 営業・ITなど幅広い転職支援（sXars）
https://px.a8.net/svt/ejp?a8mat=4BC9F9+6HDZGI+5YHY+5YJRM&a8sns=note
▶ 自分に合う転職サービスを30秒で診断（LINE・無料）
https://career-line-bot.career-line-bot.workers.dev/l/note-g25","・モデルケース：想定事例と明記
・+200万円は例。全員が上がるわけではないと明記
・外資の英語要件は求人ごとに違う"
26,一般転職,モデルケース,【転職体験記No.26】食品メーカー営業→医療機器メーカー営業 ＜「10年間、『もう1円下げて』と言われ続けた」34歳＞,食品メーカーから医療機器メーカーへ。30代の営業が年収+160万円を実現した転職【転職体験記No.26】,30代半ばからの異業界転職は無理？34歳が3社応募で内定を取った話,値引き交渉ばかりの10年…,"食品メーカー営業→
医療機器メーカーへ",520万→680万（+160万）,0. PR表記／モデルケース注記 / 1. 冒頭フック（面談での一言） / 2. こんな悩み、ありませんか？（共感） / 3. 34歳・食品メーカーのルート営業。相談の状況 / 4. 3社応募→1社内定 / ★中間CTA（4と5の間） / 5. 結果：年収520万円→680万円 / 6. 入社後のリアル / 7. エージェントの一言：30代前半〜半ばならチャンスあり / 8. 〆（共感→↓） / 9. CTA（メイン＋サブ＋LINE診断）,"※本記事にはアフィリエイト広告（PR）を含みます。
※この記事は、複数の相談事例をもとにした想定ケース（モデルケース）です。実在の特定の方の話ではありません。

「10年間、『もう1円下げてよ』って言われ続けてきました」。食品メーカーでルート営業をしていた34歳の男性でした。

■ こんな悩み、ありませんか？
✔値引き交渉ばかりで、営業の面白さを感じない
✔もっと専門性のある商材を扱いたい
✔30代半ばからの異業界転職に不安がある

■ 34歳・食品メーカーのルート営業。相談の状況
34歳、食品メーカーでルート営業をしていた男性のモデルケースです。スーパー向けの棚取り営業で、値引き交渉ばかり。もっと専門性のある商材を扱いたいと考えていました。

■ 3社応募→1社内定
3社に応募して1社から内定。評価されたのは、ルート営業での関係構築力と、学習意欲でした。入社後3ヶ月は研修があります。

▼ ここまで読んで気になった方は、先にチェックしてみてください
▶ 若手ハイクラス向けの転職支援（ASSIGN）
https://px.a8.net/svt/ejp?a8mat=4BC36H+AP7H6A+49JS+BXIYP&a8sns=note
▶ 営業・総合型の転職支援（Samurai Job）
https://px.a8.net/svt/ejp?a8mat=4BC9F9+81Y4DU+5VXG+5ZU29&a8sns=note
▶ 自分に合う転職サービスを30秒で診断（LINE・無料）
https://career-line-bot.career-line-bot.workers.dev/l/note-g26

■ 結果：年収520万円→680万円
・転職前：年収520万円
・転職後：年収680万円（インセン・手当込み）
・年収差：+160万円
モデルケースの数字です。医療機器は専門知識の習得が必要で、最初の数ヶ月は研修期間です。

■ 入社後のリアル
【要実例確認】医療機器は専門知識が必須で、勉強量が増えます。医療従事者との関係づくりが必要な点も書いてください。

■ エージェントの一言：30代前半〜半ばならチャンスあり
メーカー営業から医療機器メーカーは、年収アップの定番ルートです。未経験でも、30代前半ならチャンスがあります。半ばでも、関係構築力を具体的に語れれば十分に戦えます。

メーカー営業から医療機器メーカーへは、年収を上げやすい定番ルートです。30代前半〜半ばなら、未経験でもチャンスは十分あります↓

↓
▶ 若手ハイクラス向けの転職支援（ASSIGN）
https://px.a8.net/svt/ejp?a8mat=4BC36H+AP7H6A+49JS+BXIYP&a8sns=note
▶ 営業・総合型の転職支援（Samurai Job）
https://px.a8.net/svt/ejp?a8mat=4BC9F9+81Y4DU+5VXG+5ZU29&a8sns=note
▶ 自分に合う転職サービスを30秒で診断（LINE・無料）
https://career-line-bot.career-line-bot.workers.dev/l/note-g26","・モデルケース：想定事例と明記
・+160万円は例。医療機器メーカー全体の相場は出典確認
・未経験可否は企業次第"
27,一般転職,モデルケース,【転職体験記No.27】期間工→大手メーカー生産管理（正社員） ＜「契約満了の通知が来るたびに、胃が重くなる」27歳＞,期間工から大手メーカーの生産管理へ。現場経験が『正社員の武器』になった話【転職体験記No.27】,期間工は稼げるけど先がない。30歳までに正社員になった27歳の選択,契約満了が来るたびに不安…,"期間工→大手メーカーの
生産管理（正社員）へ",380万→450万。20代が有利,0. PR表記／モデルケース注記 / 1. 冒頭フック（面談での一言） / 2. こんな悩み、ありませんか？（共感） / 3. 27歳・自動車工場の期間工。相談の状況 / 4. 現場経験をどう評価されたか / ★中間CTA（4と5の間） / 5. 結果：年収380万円→450万円 / 6. 入社後のリアル / 7. エージェントの一言：20代のうちが圧倒的に有利 / 8. 〆（共感→↓） / 9. CTA（メイン＋サブ＋LINE診断）,"※本記事にはアフィリエイト広告（PR）を含みます。
※この記事は、複数の相談事例をもとにした想定ケース（モデルケース）です。実在の特定の方の話ではありません。

「契約満了の通知が来るたびに、胃が重くなるんです」。自動車工場で期間工をしていた27歳の男性でした。

■ こんな悩み、ありませんか？
✔期間工で稼げるけど、先の見通しが立たない
✔30歳までに正社員になりたい
✔現場経験しかなく、管理の仕事ができるか不安

■ 27歳・自動車工場の期間工。相談の状況
27歳、自動車工場で期間工をしていた男性のモデルケースです。稼げるが、契約が切れたら終わり。30歳までに正社員になりたいと考えていました。

■ 現場経験をどう評価されたか
2社に応募して1社から内定。現場経験、フォークリフト免許、改善提案の実績をアピールしました。

▼ ここまで読んで気になった方は、先にチェックしてみてください
▶ 工場・製造系の求人（工場求人ワールド）
https://px.a8.net/svt/ejp?a8mat=4BC9F9+6Y22UQ+5S9S+5YZ75&a8sns=note
▶ 若手ハイクラス向けの転職支援（ASSIGN）
https://px.a8.net/svt/ejp?a8mat=4BC36H+AP7H6A+49JS+BXIYP&a8sns=note
▶ 自分に合う転職サービスを30秒で診断（LINE・無料）
https://career-line-bot.career-line-bot.workers.dev/l/note-g27

■ 結果：年収380万円→450万円
・転職前：年収380万円（満了金込み）
・転職後：年収450万円（賞与年2回）
・年収差：+70万円
モデルケースの数字です。期間工は満了金込みの金額で比較しています。

■ 入社後のリアル
【要実例確認】現場から管理側に回ると、調整や資料作成が増えます。実際に大変だった点を書いてください。

■ エージェントの一言：20代のうちが圧倒的に有利
現場経験は、生産管理や品質管理で評価されます。期間工から正社員を狙うなら、20代のうちが圧倒的に有利です。まずは正社員の求人を見て、どんな仕事があるかを知ることから始めてください。

現場経験は、生産管理や品質管理で高く評価されます。期間工から正社員を狙うなら、20代のうちが圧倒的に有利です。まずは正社員の求人を見てみてください↓

↓
▶ 工場・製造系の求人（工場求人ワールド）
https://px.a8.net/svt/ejp?a8mat=4BC9F9+6Y22UQ+5S9S+5YZ75&a8sns=note
▶ 若手ハイクラス向けの転職支援（ASSIGN）
https://px.a8.net/svt/ejp?a8mat=4BC36H+AP7H6A+49JS+BXIYP&a8sns=note
▶ 自分に合う転職サービスを30秒で診断（LINE・無料）
https://career-line-bot.career-line-bot.workers.dev/l/note-g27","・モデルケース：想定事例と明記
・満了金込みか否かを比較の前提として明記
・大手メーカーの倍率は根拠のない断定を避ける"
28,一般転職,モデルケース,【転職体験記No.28】M&A仲介営業→事業会社の経営企画 ＜「年収1200万。でも、子どもの寝顔しか見たことがない」35歳＞,M&A仲介の『その後』。年収1200万から経営企画へ移った35歳が手に入れたもの【転職体験記No.28】,年収は下がってもいい。家族との時間を選んだ35歳の、後悔しなかった理由,年収1200万でも、家族の顔を見ない…,"M&A仲介の『その後』
年収1200万→経営企画へ",1200万→900万。時間を選んだ,0. PR表記／モデルケース注記 / 1. 冒頭フック（面談での一言） / 2. こんな悩み、ありませんか？（共感） / 3. 35歳・M&A仲介。相談の状況 / 4. 3社応募→2社内定 / ★中間CTA（4と5の間） / 5. 結果：年収1200万円→900万円 / 6. 入社後のリアル / 7. エージェントの一言：“出口”を知っておく / 8. 〆（共感→↓） / 9. CTA（メイン＋サブ＋LINE診断）,"※本記事にはアフィリエイト広告（PR）を含みます。
※この記事は、複数の相談事例をもとにした想定ケース（モデルケース）です。実在の特定の方の話ではありません。

「年収1200万。でも、子どもの寝顔しか見たことがないんです」。M&A仲介で働く35歳のパパさんでした。

■ こんな悩み、ありませんか？
✔年収は高いけど、家族との時間がまったくない
✔40代もこの働き方を続けられる気がしない
✔M&Aで積んだ経験を、別の形で活かしたい

■ 35歳・M&A仲介。相談の状況
35歳、M&A仲介で働くパパのモデルケースです。年収は高いが、毎日23時まで働いて家族との時間がゼロ。40代もこれを続けられる気がしないという相談でした。

■ 3社応募→2社内定
3社に応募して2社から内定。M&A実務の知見が評価され、M&Aで事業拡大中の企業の経営企画に決めました。

▼ ここまで読んで気になった方は、先にチェックしてみてください
▶ 営業・ハイキャリア寄りの転職支援（Groovement Agent）
https://px.a8.net/svt/ejp?a8mat=4BC9F9+6V2WTU+4SXU+NUMHT&a8sns=note
▶ 営業・ITなど幅広い転職支援（sXars）
https://px.a8.net/svt/ejp?a8mat=4BC9F9+6HDZGI+5YHY+5YJRM&a8sns=note
▶ 自分に合う転職サービスを30秒で診断（LINE・無料）
https://career-line-bot.career-line-bot.workers.dev/l/note-g28

■ 結果：年収1200万円→900万円
・転職前：年収1200万円（インセン込み）
・転職後：年収900万円（固定中心）
・年収差：−300万円
モデルケースの数字です。年収は下がるが、働き方は大きく変わる想定です。

■ 入社後のリアル
【要実例確認】年収が下がった生活水準への影響と、それでも選んだ理由、後悔した点があれば書いてください。

■ エージェントの一言：“出口”を知っておく
M&A仲介の“出口”として、事業会社の経営企画は人気です。年収は下がっても、働き方と専門性を両立できます。年収だけじゃない出口を知っておくことが、長く働くための保険になります。

M&A仲介の経験は、事業会社の経営企画で強く求められています。年収だけじゃない“出口”を知っておくことが、長く働くための保険になります↓

↓
▶ 営業・ハイキャリア寄りの転職支援（Groovement Agent）
https://px.a8.net/svt/ejp?a8mat=4BC9F9+6V2WTU+4SXU+NUMHT&a8sns=note
▶ 営業・ITなど幅広い転職支援（sXars）
https://px.a8.net/svt/ejp?a8mat=4BC9F9+6HDZGI+5YHY+5YJRM&a8sns=note
▶ 自分に合う転職サービスを30秒で診断（LINE・無料）
https://career-line-bot.career-line-bot.workers.dev/l/note-g28","・モデルケース：想定事例と明記
・年収ダウン記事。数字をぼかさず、代わりに得たものを具体的に
・経営企画の求人数は限られるため、断定を避ける"
29,一般転職,モデルケース,【転職体験記No.29】メーカー営業企画→総合コンサル ＜「この会社を辞めたら、自分に何が残るんだろう」30歳＞,メーカー営業企画から総合コンサルへ。30歳、『業界知見』だけで勝負した転職【転職体験記No.29】,ケース面接は1ヶ月の対策で戦えた。30歳がコンサルに行けた理由,市場価値が上がってる実感がない…,"メーカー→総合コンサルへ
30歳、業界知見で勝負",550万→700万。2年目は800万〜,0. PR表記／モデルケース注記 / 1. 冒頭フック（面談での一言） / 2. こんな悩み、ありませんか？（共感） / 3. 30歳・メーカー営業企画。相談の状況 / 4. ケース面接対策1ヶ月 / ★中間CTA（4と5の間） / 5. 結果：年収550万円→700万円 / 6. 入社後のリアル / 7. エージェントの一言：30歳前後がラストチャンスと言われる理由 / 8. 〆（共感→↓） / 9. CTA（メイン＋サブ＋LINE診断）,"※本記事にはアフィリエイト広告（PR）を含みます。
※この記事は、複数の相談事例をもとにした想定ケース（モデルケース）です。実在の特定の方の話ではありません。

「この会社を辞めたら、自分に何が残るんだろうって」。メーカーで営業企画をしていた30歳の男性でした。

■ こんな悩み、ありませんか？
✔社内調整ばかりで、市場価値が上がっている実感がない
✔コンサルに興味はあるけど、ケース面接が不安
✔30歳がラストチャンスだと焦っている

■ 30歳・メーカー営業企画。相談の状況
30歳、メーカーで営業企画をしていた男性のモデルケースです。社内調整ばかりで、自分の市場価値が上がっている実感がない。辞めたら自分に何が残るのか、と不安でした。

■ ケース面接対策1ヶ月
ケース面接の対策を1ヶ月やりました。製造業の業界知見が評価され、同業界の担当で内定しました。

▼ ここまで読んで気になった方は、先にチェックしてみてください
▶ 若手ハイクラス向けの転職支援（ASSIGN）
https://px.a8.net/svt/ejp?a8mat=4BC36H+AP7H6A+49JS+BXIYP&a8sns=note
▶ 営業・ハイキャリア寄りの転職支援（Groovement Agent）
https://px.a8.net/svt/ejp?a8mat=4BC9F9+6V2WTU+4SXU+NUMHT&a8sns=note
▶ 自分に合う転職サービスを30秒で診断（LINE・無料）
https://career-line-bot.career-line-bot.workers.dev/l/note-g29

■ 結果：年収550万円→700万円
・転職前：年収550万円
・転職後：年収700万円（初年度）
・2年目以降：評価次第で800万円〜
モデルケースの数字です。2年目以降の800万円は評価次第で、保証ではありません。

■ 入社後のリアル
【要実例確認】コンサルは激務のことが多く、up or out の文化もあります。実際の働き方を書いてください。

■ エージェントの一言：30歳前後がラストチャンスと言われる理由
事業会社からコンサルは、30歳前後がラストチャンスと言われがちです。業界知見がある人は特に有利。ケース面接も、対策すれば十分に戦えます。

事業会社からコンサルへの転職は、業界知見がある人ほど有利です。ケース面接も対策すれば十分戦えます。コンサル転職に強いエージェントに一度相談してみてください↓

↓
▶ 若手ハイクラス向けの転職支援（ASSIGN）
https://px.a8.net/svt/ejp?a8mat=4BC36H+AP7H6A+49JS+BXIYP&a8sns=note
▶ 営業・ハイキャリア寄りの転職支援（Groovement Agent）
https://px.a8.net/svt/ejp?a8mat=4BC9F9+6V2WTU+4SXU+NUMHT&a8sns=note
▶ 自分に合う転職サービスを30秒で診断（LINE・無料）
https://career-line-bot.career-line-bot.workers.dev/l/note-g29","・モデルケース：想定事例と明記
・コンサル特化のパートナーが無いため、総合型を案内
・年齢制限を断定しない（「言われがち」）"
30,一般転職,モデルケース,【転職体験記No.30】広告代理店（運用）→事業会社のWebマーケ ＜「深夜1時のSlackに、もう驚かない」28歳＞,広告代理店から事業会社のマーケへ。残業が半分になって、年収も上がった話【転職体験記No.30】,クライアントの数字は伸ばせても、自分の事業には関われない。28歳が動いた理由,深夜1時のSlack、もう慣れた…,"広告代理店→事業会社へ
残業が半分になった",450万→520万。CPA改善率が武器,0. PR表記／モデルケース注記 / 1. 冒頭フック（面談での一言） / 2. こんな悩み、ありませんか？（共感） / 3. 28歳・広告代理店の運用担当。相談の状況 / 4. 4社応募→2社内定 / ★中間CTA（4と5の間） / 5. 結果：年収450万円→520万円 / 6. 入社後のリアル / 7. エージェントの一言：運用の実数値は武器になる / 8. 〆（共感→↓） / 9. CTA（メイン＋サブ＋LINE診断）,"※本記事にはアフィリエイト広告（PR）を含みます。
※この記事は、複数の相談事例をもとにした想定ケース（モデルケース）です。実在の特定の方の話ではありません。

「深夜1時に『数字、明日の朝まで』ってSlackが来ても、もう驚かないんです」。広告代理店で運用を担当する28歳の女性でした。

■ こんな悩み、ありませんか？
✔クライアントワークで、深夜残業が当たり前
✔自分の手で事業を伸ばす経験がしたい
✔代理店の経験が事業会社で通用するか不安

■ 28歳・広告代理店の運用担当。相談の状況
28歳、広告代理店で運用を担当していた女性のモデルケースです。クライアントの数字は伸ばせても、自分の事業には関われない。深夜のレポート作成にも疲れていました。

■ 4社応募→2社内定
4社に応募して2社から内定。広告運用の実数値（CPA改善率）を示せたことが評価されました。

▼ ここまで読んで気になった方は、先にチェックしてみてください
▶ 営業・ハイキャリア寄りの転職支援（Groovement Agent）
https://px.a8.net/svt/ejp?a8mat=4BC9F9+6V2WTU+4SXU+NUMHT&a8sns=note
▶ 20代向けの総合型エージェント（Yume Career）
https://px.a8.net/svt/ejp?a8mat=4BC9F9+77L0J6+5PWS+BXB8X&a8sns=note
▶ 自分に合う転職サービスを30秒で診断（LINE・無料）
https://career-line-bot.career-line-bot.workers.dev/l/note-g30

■ 結果：年収450万円→520万円
・転職前：年収450万円（残業代込み）
・転職後：年収520万円（残業月20時間）
・年収差：+70万円
モデルケースの数字です。

■ 入社後のリアル
【要実例確認】事業会社は、自社の数字に責任を持つ分、広告以外の業務も増えます。実際の様子を書いてください。

■ エージェントの一言：運用の実数値は武器になる
代理店から事業会社は、マーケ職の定番のステップアップです。残業が減り、事業全体を見られるようになります。運用の実数値は、それだけで強い武器です。

代理店から事業会社のマーケへは、マーケ職の定番のステップアップです。広告運用の実数値は、それだけで強い武器になります↓

↓
▶ 営業・ハイキャリア寄りの転職支援（Groovement Agent）
https://px.a8.net/svt/ejp?a8mat=4BC9F9+6V2WTU+4SXU+NUMHT&a8sns=note
▶ 20代向けの総合型エージェント（Yume Career）
https://px.a8.net/svt/ejp?a8mat=4BC9F9+77L0J6+5PWS+BXB8X&a8sns=note
▶ 自分に合う転職サービスを30秒で診断（LINE・無料）
https://career-line-bot.career-line-bot.workers.dev/l/note-g30","・モデルケース：想定事例と明記
・CPA改善率など、実数値は実例に合わせる
・IT・Web特化のパートナーが無いため、総合型を案内"
31,一般転職,モデルケース,【転職体験記No.31】市役所（一般行政職）→自治体向けSaaS営業 ＜「『公務員は安泰でいいね』と言われるたびモヤモヤする」29歳＞,市役所7年目、公務員を辞めて自治体向けSaaSへ。『前例がない』から抜け出した話【転職体験記No.31】,安定を手放すのは怖い。それでも29歳の公務員が動いた理由と、年収の変化,前例踏襲の毎日…このまま定年？,"市役所→自治体向けSaaSへ
公務員が民間に出た理由",430万→520万。副業もOKに,0. PR表記／モデルケース注記 / 1. 冒頭フック（面談での一言） / 2. こんな悩み、ありませんか？（共感） / 3. 29歳・市役所の職員。相談の状況 / 4. 自治体の内側を知っていることが強みに / ★中間CTA（4と5の間） / 5. 結果：年収430万円→520万円 / 6. 入社後のリアル / 7. エージェントの一言：公務員経験は武器になる / 8. 〆（共感→↓） / 9. CTA（メイン＋サブ＋LINE診断）,"※本記事にはアフィリエイト広告（PR）を含みます。
※この記事は、複数の相談事例をもとにした想定ケース（モデルケース）です。実在の特定の方の話ではありません。

「『公務員なんて安泰でいいね』って言われるたび、モヤモヤするんです」。市役所で働く29歳の男性でした。

■ こんな悩み、ありませんか？
✔前例踏襲の毎日で、成長している実感がない
✔安定を手放すのが怖い
✔公務員の経験が民間で通用するか分からない

■ 29歳・市役所の職員。相談の状況
29歳、市役所で一般行政職をしていた男性のモデルケースです。前例踏襲の毎日で、安定はあるが、このまま定年まで働くと考えると怖くなったという相談でした。

■ 自治体の内側を知っていることが強みに
3社に応募して1社から内定。公務員の業務理解が強みになり、自治体向けSaaSの営業に決めました。

▼ ここまで読んで気になった方は、先にチェックしてみてください
▶ 20代向けの総合型エージェント（Yume Career）
https://px.a8.net/svt/ejp?a8mat=4BC9F9+77L0J6+5PWS+BXB8X&a8sns=note
▶ 若手ハイクラス向けの転職支援（ASSIGN）
https://px.a8.net/svt/ejp?a8mat=4BC36H+AP7H6A+49JS+BXIYP&a8sns=note
▶ 自分に合う転職サービスを30秒で診断（LINE・無料）
https://career-line-bot.career-line-bot.workers.dev/l/note-g31

■ 結果：年収430万円→520万円
・転職前：年収430万円
・転職後：年収520万円（手当込み）
・年収差：+90万円
・副業：OKになった
モデルケースの数字です。

■ 入社後のリアル
【要実例確認】安定から成果主義に変わる怖さと、それでも良かった点を書いてください。退職金・年金の違いにも触れると誠実です。

■ エージェントの一言：公務員経験は武器になる
公務員から民間への転職は、「自治体の内側を知っている」ことが武器になります。GovTechや自治体向けの企業は、公務員経験者を積極的に採用しています。選択肢は実は多いです。

「自治体の内側を知っている」ことは、GovTechや自治体向けの企業で大きな武器になります。公務員からの転職は、実は選択肢が多いです↓

↓
▶ 20代向けの総合型エージェント（Yume Career）
https://px.a8.net/svt/ejp?a8mat=4BC9F9+77L0J6+5PWS+BXB8X&a8sns=note
▶ 若手ハイクラス向けの転職支援（ASSIGN）
https://px.a8.net/svt/ejp?a8mat=4BC36H+AP7H6A+49JS+BXIYP&a8sns=note
▶ 自分に合う転職サービスを30秒で診断（LINE・無料）
https://career-line-bot.career-line-bot.workers.dev/l/note-g31","・モデルケース：想定事例と明記
・公務員の退職金・年金・福利厚生の違いは、断定せず「一般には」と書く
・GovTech求人の有無は公開情報で確認"
